timestamp,depth_target,depth_actual,error,pid_output,thrust_x,thrust_y,thrust_z,obstacle,acao
1751566275.217102,1.3,96.739,-95.43900000000001,-126.03312406053672,0.4,0.0,-126.03312406053672,False,
1751566275.540453,1.3,95.511,-94.211,-74.61847290865441,0.4,0.0,-74.61847290865441,False,
1751566276.0450215,1.3,96.398,-95.098,-76.42998367008657,0.4,0.0,-76.42998367008657,False,
1751566276.349595,1.3,95.576,-94.276,-74.88101239624717,0.4,0.0,-74.88101239624717,False,
1751566276.6660807,1.3,94.36,-93.06,-73.67956245645756,0.4,0.0,-73.67956245645756,False,
1751566277.111407,1.3,94.136,-92.836,-74.16819358255671,0.4,0.0,-74.16819358255671,False,
1751566277.5401857,1.3,94.237,-92.937,-74.3966523681422,0.4,0.0,-74.3966523681422,False,
1751566277.840384,1.3,92.441,-91.141,-71.7121363116542,0.4,0.0,-71.7121363116542,False,
1751566278.2076504,1.3,88.136,-86.836,-67.13428534082351,0.4,0.0,-67.13428534082351,False,
1751566278.7289639,1.3,89.837,-88.537,-71.48351238751663,0.4,0.0,-71.48351238751663,False,
1751566279.0362673,1.3,93.362,-92.062,-75.93586149805431,0.4,0.0,-75.93586149805431,False,
1751566279.3368073,1.3,94.505,-93.205,-75.32463093936327,0.4,0.0,-75.32463093936327,False,
1751566279.758989,1.3,93.651,-92.351,-73.47524651019026,0.4,0.0,-73.47524651019026,False,
1751566280.239886,1.3,92.87,-91.57000000000001,-72.92918470316516,0.4,0.0,-72.92918470316516,False,
1751566280.552868,1.3,89.607,-88.307,-68.34402543400427,0.4,0.0,-68.34402543400427,False,
1751566280.9000626,1.3,93.02,-91.72,-75.17434621227159,0.4,0.0,-75.17434621227159,False,
1751566281.3868685,1.3,86.116,-84.816,-65.01351315691811,0.4,0.0,-65.01351315691811,False,
1751566281.7015784,1.3,84.833,-83.533,-66.01177477659954,0.4,0.0,-66.01177477659954,False,
1751566282.0108528,1.3,92.734,-91.434,-78.2530080212742,0.4,0.0,-78.2530080212742,False,
1751566282.4408295,1.3,91.161,-89.861,-71.1554563081501,0.4,0.0,-71.1554563081501,False,
1751566282.8810894,1.3,89.694,-88.394,-70.04723708041607,0.4,0.0,-70.04723708041607,False,
1751566283.1929433,1.3,91.553,-90.253,-73.38700032952784,0.4,0.0,-73.38700032952784,False,
1751566283.5586126,1.3,90.952,-89.652,-71.39380111495305,0.4,0.0,-71.39380111495305,False,
1751566284.0775588,1.3,91.906,-90.60600000000001,-72.85356043556015,0.4,0.0,-72.85356043556015,False,
1751566284.3803997,1.3,93.419,-92.119,-74.69938813025999,0.4,0.0,-74.69938813025999,False,
1751566284.6927726,1.3,92.5,-91.2,-72.37536816605113,0.4,0.0,-72.37536816605113,False,
1751566285.1148617,1.3,92.959,-91.659,-73.54520854918819,0.4,0.0,-73.54520854918819,False,
1751566285.569038,1.3,93.374,-92.074,-73.84154681106608,0.4,0.0,-73.84154681106608,False,
1751566285.8780015,1.3,90.489,-89.18900000000001,-69.48374785083307,0.4,0.0,-69.48374785083307,False,
1751566286.2587585,1.3,91.676,-90.376,-72.92591356484346,0.4,0.0,-72.92591356484346,False,
1751566286.7406266,1.3,94.152,-92.852,-75.30830005303991,0.4,0.0,-75.30830005303991,False,
1751566287.0604658,1.3,93.819,-92.519,-73.80665637055492,0.4,0.0,-73.80665637055492,False,
1751566287.370936,1.3,94.446,-93.146,-74.9223260938353,0.4,0.0,-74.9223260938353,False,
1751566287.7784734,1.3,93.645,-92.345,-73.48450138857167,0.4,0.0,-73.48450138857167,False,
1751566288.2256806,1.3,93.486,-92.186,-73.67778289025799,0.4,0.0,-73.67778289025799,False,
1751566288.538767,1.3,93.887,-92.587,-74.32575064969876,0.4,0.0,-74.32575064969876,False,
1751566288.889442,1.3,92.785,-91.485,-72.55772482334493,0.4,0.0,-72.55772482334493,False,
1751566289.4160485,1.3,91.95,-90.65,-72.20349037907569,0.4,0.0,-72.20349037907569,False,
1751566289.7174382,1.3,91.322,-90.022,-71.60079124740882,0.4,0.0,-71.60079124740882,False,
1751566290.0355,1.3,90.746,-89.446,-71.19463803292695,0.4,0.0,-71.19463803292695,False,
1751566290.4692452,1.3,90.682,-89.382,-71.47533999378874,0.4,0.0,-71.47533999378874,False,
1751566290.7769525,1.3,90.177,-88.87700000000001,-70.78419942802299,0.4,0.0,-70.78419942802299,False,
1751566290.9267566,1.3,0.562,0.738,120.0433845437081,0.4,0.0,120.0433845437081,False,
1751566291.140266,1.3,0.581,0.7190000000000001,0.5573809112598301,0.4,0.0,0.5573809112598301,False,
1751566291.4199076,1.3,0.638,0.662,0.4888737808342156,0.4,0.0,0.4888737808342156,False,
1751566291.581238,1.3,0.693,0.6070000000000001,0.4174103171283605,0.4,0.0,0.4174103171283605,False,
1751566291.7879155,1.3,0.704,0.5960000000000001,0.4661553320420875,0.4,0.0,0.4661553320420875,False,
1751566292.5735714,1.3,0.709,0.5910000000000001,0.4715288258311511,0.4,0.0,0.4715288258311511,False,
1751566292.7763574,1.3,0.708,0.5920000000000001,0.47459373782054554,0.4,0.0,0.47459373782054554,False,
1751566293.0568075,1.3,0.729,0.5710000000000001,0.441824175954964,0.4,0.0,0.441824175954964,False,
1751566293.2471373,1.3,0.719,0.5810000000000001,0.4752808209131448,0.4,0.0,0.4752808209131448,False,
1751566293.487522,1.3,0.714,0.5860000000000001,0.47296010378676906,0.4,0.0,0.47296010378676906,False,
1751566293.719974,1.3,0.704,0.5960000000000001,0.48544473418441597,0.4,0.0,0.48544473418441597,False,
1751566293.8874102,1.3,0.676,0.624,0.5324276146756544,0.4,0.0,0.5324276146756544,False,
1751566294.1059008,1.3,0.673,0.627,0.504358388228924,0.4,0.0,0.504358388228924,False,
1751566294.3945131,1.3,0.665,0.635,0.5135252186742544,0.4,0.0,0.5135252186742544,False,
1751566294.569019,1.3,0.666,0.634,0.5060438882671708,0.4,0.0,0.5060438882671708,False,
1751566294.755311,1.3,0.667,0.633,0.5053377232860823,0.4,0.0,0.5053377232860823,False,
1751566294.90521,1.3,0.672,0.628,0.4956836330445644,0.4,0.0,0.4956836330445644,False,
1751566295.0934048,1.3,0.674,0.626,0.4986809690049764,0.4,0.0,0.4986809690049764,False,
1751566295.411978,1.3,0.68,0.62,0.4921610192606333,0.4,0.0,0.4921610192606333,False,
1751566295.7031956,1.3,0.682,0.618,0.4930517740390488,0.4,0.0,0.4930517740390488,False,
1751566295.867477,1.3,0.679,0.621,0.5004410469204392,0.4,0.0,0.5004410469204392,False,
1751566296.0722299,1.3,0.677,0.623,0.5003957361717617,0.4,0.0,0.5003957361717617,False,
1751566296.2033095,1.3,0.674,0.626,0.5052641388742544,0.4,0.0,0.5052641388742544,False,
1751566296.4058619,1.3,0.672,0.628,0.5043653253457755,0.4,0.0,0.5043653253457755,False,
1751566296.5530436,1.3,0.667,0.633,0.5131935833311738,0.4,0.0,0.5131935833311738,False,
1751566296.7464218,1.3,0.665,0.635,0.5100684828280039,0.4,0.0,0.5100684828280039,False,
1751566297.0160077,1.3,0.661,0.639,0.5141562386457545,0.4,0.0,0.5141562386457545,False,
1751566297.2047417,1.3,0.659,0.641,0.5149419782498232,0.4,0.0,0.5149419782498232,False,
1751566297.3948996,1.3,0.659,0.641,0.5128,0.4,0.0,0.5128,False,
1751566297.674669,1.3,0.66,0.64,0.5112903255061606,0.4,0.0,0.5112903255061606,False,
1751566297.8587294,1.3,0.66,0.64,0.512,0.4,0.0,0.512,False,
1751566298.0482073,1.3,0.66,0.64,0.512,0.4,0.0,0.512,False,
1751566298.1882284,1.3,0.658,0.642,0.5164980998576622,0.4,0.0,0.5164980998576622,False,
1751566298.8304455,1.3,0.657,0.643,0.514710458525999,0.4,0.0,0.514710458525999,False,
1751566299.097131,1.3,0.662,0.638,0.5066500701831558,0.4,0.0,0.5066500701831558,False,
1751566299.333223,1.3,0.673,0.627,0.49228241148387203,0.4,0.0,0.49228241148387203,False,
1751566299.5178106,1.3,0.688,0.6120000000000001,0.47325925616174913,0.4,0.0,0.47325925616174913,False,
1751566299.7674625,1.3,0.693,0.6070000000000001,0.4816104364136861,0.4,0.0,0.4816104364136861,False,
1751566299.9860108,1.3,0.705,0.5950000000000001,0.46499446942637773,0.4,0.0,0.46499446942637773,False,
1751566300.7546806,1.3,0.688,0.6120000000000001,0.4940146208470434,0.4,0.0,0.4940146208470434,False,
1751566300.9821875,1.3,0.686,0.614,0.49296615659292065,0.4,0.0,0.49296615659292065,False,
1751566301.1668532,1.3,0.677,0.623,0.5081474955198753,0.4,0.0,0.5081474955198753,False,
1751566301.405362,1.3,0.675,0.625,0.5016799811746799,0.4,0.0,0.5016799811746799,False,
1751566301.6501641,1.3,0.673,0.627,0.5032447847846867,0.4,0.0,0.5032447847846867,False,
1751566301.8183546,1.3,0.674,0.626,0.4996249850472395,0.4,0.0,0.4996249850472395,False,
1751566302.0277193,1.3,0.676,0.624,0.4972895252627624,0.4,0.0,0.4972895252627624,False,
1751566302.2883112,1.3,0.747,0.553,0.3881215272562902,0.4,0.0,0.3881215272562902,False,
1751566302.4652784,1.3,0.713,0.5870000000000001,0.5083559343406894,0.4,0.0,0.5083559343406894,False,
1751566302.675627,1.3,0.736,0.5640000000000001,0.4294348075248293,0.4,0.0,0.4294348075248293,False,
1751566302.8022318,1.3,0.85,0.45000000000000007,0.1791751402558358,0.4,0.0,0.1791751402558358,False,
1751566303.0152867,1.3,0.822,0.4780000000000001,0.4088053673891538,0.4,0.0,0.4088053673891538,False,
1751566303.3010542,1.3,0.751,0.549,0.4895225615881752,0.4,0.0,0.4895225615881752,False,
1751566303.4764946,1.3,0.721,0.5790000000000001,0.4967191698333354,0.4,0.0,0.4967191698333354,False,
1751566303.7333565,1.3,0.691,0.6090000000000001,0.5105600891116682,0.4,0.0,0.5105600891116682,False,
1751566304.0171614,1.3,0.669,0.631,0.5202762539539845,0.4,0.0,0.5202762539539845,False,
1751566304.298582,1.3,0.662,0.638,0.5153653942617475,0.4,0.0,0.5153653942617475,False,
1751566304.458768,1.3,0.657,0.643,0.5206432146801664,0.4,0.0,0.5206432146801664,False,
1751566304.7160883,1.3,0.656,0.644,0.5159772101585901,0.4,0.0,0.5159772101585901,False,
1751566304.946736,1.3,0.657,0.643,0.5135327945912139,0.4,0.0,0.5135327945912139,False,
1751566305.14686,1.3,0.708,0.5920000000000001,0.4226376175727833,0.4,0.0,0.4226376175727833,False,
1751566305.3182266,1.3,0.697,0.6030000000000001,0.4951625918902809,0.4,0.0,0.4951625918902809,False,
1751566305.4692087,1.3,0.68,0.62,0.5188219432997526,0.4,0.0,0.5188219432997526,False,
1751566305.650572,1.3,0.681,0.619,0.49409964255403993,0.4,0.0,0.49409964255403993,False,
1751566305.9364133,1.3,0.687,0.613,0.48622533432312165,0.4,0.0,0.48622533432312165,False,
1751566306.1074765,1.3,0.652,0.648,0.5593205523135483,0.4,0.0,0.5593205523135483,False,
1751566306.3588417,1.3,0.649,0.651,0.5231921431151499,0.4,0.0,0.5231921431151499,False,
1751566306.6091876,1.3,0.642,0.658,0.5320207123111442,0.4,0.0,0.5320207123111442,False,
1751566306.7644463,1.3,0.664,0.636,0.4807126441469892,0.4,0.0,0.4807126441469892,False,
1751566306.9680288,1.3,0.658,0.642,0.519482401175273,0.4,0.0,0.519482401175273,False,
1751566307.0979767,1.3,0.646,0.654,0.54181584051485,0.4,0.0,0.54181584051485,False,
1751566307.3483233,1.3,0.643,0.657,0.5280016467895906,0.4,0.0,0.5280016467895906,False,
1751566307.5760353,1.3,0.642,0.658,0.5272760856805674,0.4,0.0,0.5272760856805674,False,
1751566307.7573469,1.3,0.631,0.669,0.5474046295083875,0.4,0.0,0.5474046295083875,False,
1751566307.9624517,1.3,0.632,0.668,0.5334320036464555,0.4,0.0,0.5334320036464555,False,
1751566308.2493846,1.3,0.637,0.663,0.526896337877573,0.4,0.0,0.526896337877573,False,
1751566308.4045875,1.3,0.645,0.655,0.5136916404255515,0.4,0.0,0.5136916404255515,False,
1751566308.6197839,1.3,0.646,0.654,0.5222603768301329,0.4,0.0,0.5222603768301329,False,
1751566308.8924394,1.3,0.651,0.649,0.5155833508231721,0.4,0.0,0.5155833508231721,False,
1751566309.070876,1.3,0.659,0.641,0.5038024972481469,0.4,0.0,0.5038024972481469,False,
1751566309.2371001,1.3,0.655,0.645,0.5208093129252384,0.4,0.0,0.5208093129252384,False,
1751566309.3946998,1.3,0.649,0.651,0.5284147927597539,0.4,0.0,0.5284147927597539,False,
1751566309.5983748,1.3,0.649,0.651,0.5208,0.4,0.0,0.5208,False,
1751566309.7374582,1.3,0.647,0.653,0.5252863481293258,0.4,0.0,0.5252863481293258,False,
1751566309.9264019,1.3,0.645,0.655,0.5261169641381277,0.4,0.0,0.5261169641381277,False,
1751566310.0640075,1.3,0.642,0.658,0.5307284647654038,0.4,0.0,0.5307284647654038,False,
1751566310.3156798,1.3,0.642,0.658,0.5264000000000001,0.4,0.0,0.5264000000000001,False,
1751566310.5474658,1.3,0.671,0.629,0.4781713588452259,0.4,0.0,0.4781713588452259,False,
1751566310.7213223,1.3,0.663,0.637,0.518800065255628,0.4,0.0,0.518800065255628,False,
1751566310.915391,1.3,0.664,0.636,0.5077748098683897,0.4,0.0,0.5077748098683897,False,
1751566311.0435789,1.3,0.655,0.645,0.530153953678464,0.4,0.0,0.530153953678464,False,
1751566311.2463531,1.3,0.665,0.635,0.49806749305260367,0.4,0.0,0.49806749305260367,False,
1751566311.377279,1.3,0.645,0.655,0.5546985462430126,0.4,0.0,0.5546985462430126,False,
1751566311.6163192,1.3,0.645,0.655,0.524,0.4,0.0,0.524,False,
1751566311.8430784,1.3,0.661,0.639,0.49715170116872265,0.4,0.0,0.49715170116872265,False,
1751566312.0255344,1.3,0.67,0.63,0.49413460869019804,0.4,0.0,0.49413460869019804,False,
1751566312.219422,1.3,0.667,0.633,0.5095121171349427,0.4,0.0,0.5095121171349427,False,
1751566312.3583,1.3,0.668,0.632,0.5041596162002243,0.4,0.0,0.5041596162002243,False,
1751566312.5772579,1.3,0.667,0.633,0.5073133191431449,0.4,0.0,0.5073133191431449,False,
1751566312.8492024,1.3,1.565,-0.2649999999999999,-0.8745373340791635,0.4,0.0,-0.8745373340791635,False,
1751566313.038695,1.3,1.572,-0.272,-0.22495175805409642,0.4,0.0,-0.22495175805409642,False,
1751566313.2338963,1.3,1.566,-0.266,-0.2066521801265679,0.4,0.0,-0.2066521801265679,False,
1751566313.3871815,1.3,1.567,-0.2669999999999999,-0.21490473655968312,0.4,0.0,-0.21490473655968312,False,
1751566313.598639,1.3,1.567,-0.2669999999999999,-0.21359999999999993,0.4,0.0,-0.21359999999999993,False,
1751566313.870611,1.3,1.56,-0.26,-0.20286191851206298,0.4,0.0,-0.20286191851206298,False,
1751566314.0638497,1.3,1.564,-0.264,-0.21535082925212062,0.4,0.0,-0.21535082925212062,False,
1751566314.2636616,1.3,1.568,-0.268,-0.2185705423350461,0.4,0.0,-0.2185705423350461,False,
1751566314.4081275,1.3,1.577,-0.2769999999999999,-0.23332863716440197,0.4,0.0,-0.23332863716440197,False,
1751566314.6251805,1.3,1.68,-0.3799999999999999,-0.39867488004382956,0.4,0.0,-0.39867488004382956,False,
1751566314.904755,1.3,1.956,-0.6559999999999999,-0.7229845907319778,0.4,0.0,-0.7229845907319778,False,
1751566315.0862288,1.3,2.309,-1.0090000000000001,-1.1973153839262662,0.4,0.0,-1.1973153839262662,False,
1751566315.2953649,1.3,2.335,-1.035,-0.8528360584576631,0.4,0.0,-0.8528360584576631,False,
1751566315.4238622,1.3,0.678,0.622,3.0708545658858615,0.4,0.0,3.0708545658858615,False,
1751566315.6890512,1.3,0.673,0.627,0.5053708625335231,0.4,0.0,0.5053708625335231,False,
1751566315.9735138,1.3,0.659,0.641,0.5250251474266823,0.4,0.0,0.5250251474266823,False,
1751566316.2553754,1.3,0.643,0.657,0.5350877991849489,0.4,0.0,0.5350877991849489,False,
1751566316.4322493,1.3,0.64,0.66,0.531372557806683,0.4,0.0,0.531372557806683,False,
1751566316.6632183,1.3,0.639,0.661,0.5296697490684158,0.4,0.0,0.5296697490684158,False,
1751566316.9044788,1.3,0.648,0.652,0.5141230261861305,0.4,0.0,0.5141230261861305,False,
1751566317.0742602,1.3,0.644,0.656,0.5294977501379039,0.4,0.0,0.5294977501379039,False,
1751566317.2749195,1.3,0.643,0.657,0.5265967168236648,0.4,0.0,0.5265967168236648,False,
1751566317.5636473,1.3,0.641,0.659,0.5285832886177186,0.4,0.0,0.5285832886177186,False,
1751566317.7362375,1.3,0.63,0.67,0.5487791887213151,0.4,0.0,0.5487791887213151,False,
1751566317.9397216,1.3,0.629,0.671,0.5377827570734519,0.4,0.0,0.5377827570734519,False,
1751566318.2048287,1.3,0.629,0.671,0.5368,0.4,0.0,0.5368,False,
1751566318.3290606,1.3,0.631,0.669,0.531982861580648,0.4,0.0,0.531982861580648,False,
1751566318.5525022,1.3,0.632,0.668,0.533504591464775,0.4,0.0,0.533504591464775,False,
1751566318.7217228,1.3,0.667,0.633,0.46460699688119655,0.4,0.0,0.46460699688119655,False,
1751566318.9730537,1.3,0.71,0.5900000000000001,0.43783446577480756,0.4,0.0,0.43783446577480756,False,
1751566319.2098467,1.3,0.831,0.4690000000000001,0.2721493003361514,0.4,0.0,0.2721493003361514,False,
1751566319.3882701,1.3,1.017,0.28300000000000014,0.02278982132510704,0.4,0.0,0.02278982132510704,False,
1751566319.5937624,1.3,1.014,0.28600000000000003,0.23172608167878214,0.4,0.0,0.23172608167878214,False,
1751566320.0273077,1.3,1.359,-0.05899999999999994,-0.20756141733025174,0.4,0.0,-0.20756141733025174,False,
1751566320.2801042,1.3,1.742,-0.44199999999999995,-0.6538968410682624,0.4,0.0,-0.6538968410682624,False,
1751566320.562487,1.3,2.177,-0.877,-1.008633796865416,0.4,0.0,-1.008633796865416,False,
1751566320.7570305,1.3,0.71,0.5900000000000001,1.987929456198378,0.4,0.0,1.987929456198378,False,
1751566320.9433644,1.3,0.725,0.5750000000000001,0.4440299933114104,0.4,0.0,0.4440299933114104,False,
1751566321.0861192,1.3,0.796,0.504,0.3033890055453236,0.4,0.0,0.3033890055453236,False,
1751566321.3272157,1.3,0.831,0.4690000000000001,0.346101669677908,0.4,0.0,0.346101669677908,False,
1751566321.5792818,1.3,0.944,0.3560000000000001,0.19519260689832513,0.4,0.0,0.19519260689832513,False,
1751566321.7492762,1.3,0.898,0.402,0.3759260792683613,0.4,0.0,0.3759260792683613,False,
1751566321.9467118,1.3,0.888,0.41200000000000003,0.33967822190184427,0.4,0.0,0.33967822190184427,False,
1751566322.216032,1.3,0.914,0.386,0.28940259783688504,0.4,0.0,0.28940259783688504,False,
1751566322.353102,1.3,3.329,-2.029,-5.1411231799119586,0.4,0.0,-5.1411231799119586,False,
1751566322.5969348,1.3,3.329,-2.029,-1.6232,0.4,0.0,-1.6232,False,
1751566322.7352302,1.3,3.824,-2.524,-2.714589918727507,0.4,0.0,-2.714589918727507,False,
1751566322.9712029,1.3,1.966,-0.6659999999999999,1.0486393506229963,0.4,0.0,1.0486393506229963,False,
1751566323.2079055,1.3,3.459,-2.159,-2.988827795680673,0.4,0.0,-2.988827795680673,False,
1751566323.4761934,1.3,17.152,-15.852,-22.889554248826045,0.4,0.0,-22.889554248826045,False,
1751566323.6671433,1.3,16.779,-15.479,-11.9925231052372,0.4,0.0,-11.9925231052372,False,
1751566323.9658012,1.3,16.61,-15.309999999999999,-12.134451851347551,0.4,0.0,-12.134451851347551,False,
1751566324.1436503,1.3,16.292,-14.992,-11.6377868629729,0.4,0.0,-11.6377868629729,False,
1751566324.3348837,1.3,16.046,-14.745999999999999,-11.539642029102897,0.4,0.0,-11.539642029102897,False,
1751566324.6067405,1.3,16.509,-15.209,-12.508339898499274,0.4,0.0,-12.508339898499274,False,
1751566324.7963986,1.3,15.625,-14.325,-10.530064423443488,0.4,0.0,-10.530064423443488,False,
1751566325.087002,1.3,15.581,-14.280999999999999,-11.394404064883311,0.4,0.0,-11.394404064883311,False,
1751566325.193349,1.3,15.986,-14.686,-12.495906854701271,0.4,0.0,-12.495906854701271,False,
1751566325.3534768,1.3,16.066,-14.765999999999998,-11.91336760592296,0.4,0.0,-11.91336760592296,False,
1751566325.6441455,1.3,16.157,-14.857,-11.948427223255585,0.4,0.0,-11.948427223255585,False,
1751566325.820285,1.3,15.622,-14.322,-10.853523029709153,0.4,0.0,-10.853523029709153,False,
1751566326.0062628,1.3,15.622,-14.322,-11.4576,0.4,0.0,-11.4576,False,
1751566326.2429998,1.3,15.583,-14.283,-11.393188346329119,0.4,0.0,-11.393188346329119,False,
timestamp,depth_target,depth_actual,error,pid_output,thrust_x,thrust_y,thrust_z,obstacle,acao
1751566373.067637,1.3,2.584,-1.284,-2.296441372353777,0.4,0.0,-2.296441372353777,False,
1751566373.2128532,1.3,2.577,-1.277,-1.0121068351458968,0.4,0.0,-1.0121068351458968,False,
1751566373.4340034,1.3,2.574,-1.2739999999999998,-1.016467702730579,0.4,0.0,-1.016467702730579,False,
1751566373.7140818,1.3,2.571,-1.2710000000000001,-1.0146617980869395,0.4,0.0,-1.0146617980869395,False,
1751566373.865531,1.3,2.568,-1.268,-1.0103981197423868,0.4,0.0,-1.0103981197423868,False,
1751566374.0860248,1.3,2.568,-1.268,-1.0144,0.4,0.0,-1.0144,False,
1751566374.2943249,1.3,2.563,-1.2630000000000001,-1.0055993443928883,0.4,0.0,-1.0055993443928883,False,
1751566374.4970016,1.3,2.56,-1.26,-1.0050476058410087,0.4,0.0,-1.0050476058410087,False,
1751566374.6382442,1.3,2.551,-1.2510000000000001,-0.9880971733161042,0.4,0.0,-0.9880971733161042,False,
1751566375.3106134,1.3,2.547,-1.247,-0.9964102075319696,0.4,0.0,-0.9964102075319696,False,
1751566375.5571318,1.3,2.521,-1.2209999999999999,-0.9556592728724906,0.4,0.0,-0.9556592728724906,False,
1751566375.7178466,1.3,2.512,-1.212,-0.9584305783143227,0.4,0.0,-0.9584305783143227,False,
1751566375.9363878,1.3,2.509,-1.2089999999999999,-0.9644510637647121,0.4,0.0,-0.9644510637647121,False,
1751566376.0837133,1.3,2.5,-1.2,-0.9478107007870838,0.4,0.0,-0.9478107007870838,False,
1751566376.3079784,1.3,2.496,-1.196,-0.9532332026566207,0.4,0.0,-0.9532332026566207,False,
1751566376.6076565,1.3,2.486,-1.1860000000000002,-0.9421264321911872,0.4,0.0,-0.9421264321911872,False,
1751566376.7853365,1.3,2.475,-1.175,-0.9276173769281865,0.4,0.0,-0.9276173769281865,False,
1751566377.000797,1.3,2.47,-1.1700000000000002,-0.9313589843175138,0.4,0.0,-0.9313589843175138,False,
1751566377.1398537,1.3,2.457,-1.1569999999999998,-0.9067625461643427,0.4,0.0,-0.9067625461643427,False,
1751566377.3578906,1.3,2.452,-1.152,-0.9170144224220023,0.4,0.0,-0.9170144224220023,False,
1751566377.4977958,1.3,2.438,-1.1380000000000001,-0.8897967628638098,0.4,0.0,-0.8897967628638098,False,
1751566377.6936972,1.3,2.431,-1.131,-0.8978664557014338,0.4,0.0,-0.8978664557014338,False,
1751566377.8566697,1.3,2.413,-1.1129999999999998,-0.8680923443767309,0.4,0.0,-0.8680923443767309,False,
1751566378.046606,1.3,2.407,-1.107,-0.8792346904964857,0.4,0.0,-0.8792346904964857,False,
1751566378.2251892,1.3,2.393,-1.0929999999999997,-0.8588466133389835,0.4,0.0,-0.8588466133389835,False,
1751566378.4144592,1.3,2.388,-1.0879999999999999,-0.8650763130872735,0.4,0.0,-0.8650763130872735,False,
1751566378.568768,1.3,2.374,-1.074,-0.8412596879401425,0.4,0.0,-0.8412596879401425,False,
1751566378.7958577,1.3,2.367,-1.067,-0.8474204165307346,0.4,0.0,-0.8474204165307346,False,
1751566379.0664816,1.3,2.347,-1.047,-0.8228877640179663,0.4,0.0,-0.8228877640179663,False,
1751566379.1960146,1.3,2.326,-1.026,-0.7882441940920787,0.4,0.0,-0.7882441940920787,False,
1751566379.431298,1.3,2.318,-1.018,-0.8075840664318477,0.4,0.0,-0.8075840664318477,False,
1751566379.566251,1.3,2.294,-0.994,-0.7583745471506571,0.4,0.0,-0.7583745471506571,False,
1751566379.7748282,1.3,2.285,-0.9850000000000001,-0.7795783040925237,0.4,0.0,-0.7795783040925237,False,
1751566379.8973727,1.3,2.26,-0.9599999999999997,-0.7271981073340796,0.4,0.0,-0.7271981073340796,False,
1751566380.142009,1.3,2.251,-0.9509999999999998,-0.7534119043331898,0.4,0.0,-0.7534119043331898,False,
1751566380.263741,1.3,2.223,-0.9229999999999998,-0.692772099655189,0.4,0.0,-0.692772099655189,False,
1751566380.49411,1.3,2.213,-0.913,-0.721678691524268,0.4,0.0,-0.721678691524268,False,
1751566380.6845672,1.3,2.18,-0.8800000000000001,-0.669355982143863,0.4,0.0,-0.669355982143863,False,
1751566380.8951423,1.3,2.17,-0.8699999999999999,-0.6865420368549701,0.4,0.0,-0.6865420368549701,False,
1751566381.04366,1.3,2.143,-0.8429999999999997,-0.6380649983556455,0.4,0.0,-0.6380649983556455,False,
1751566381.2470114,1.3,2.133,-0.833,-0.6565651820153586,0.4,0.0,-0.6565651820153586,False,
1751566381.388142,1.3,2.104,-0.804,-0.6016735136168574,0.4,0.0,-0.6016735136168574,False,
1751566381.590809,1.3,2.092,-0.792,-0.6219015221701326,0.4,0.0,-0.6219015221701326,False,
1751566381.7498014,1.3,2.061,-0.7609999999999999,-0.569804398511236,0.4,0.0,-0.569804398511236,False,
1751566381.9441228,1.3,2.049,-0.7489999999999999,-0.5866542547702431,0.4,0.0,-0.5866542547702431,False,
1751566382.0948231,1.3,2.016,-0.716,-0.5295793308248373,0.4,0.0,-0.5295793308248373,False,
1751566382.3160503,1.3,2.003,-0.7030000000000001,-0.550539905990956,0.4,0.0,-0.550539905990956,False,
1751566382.592301,1.3,1.964,-0.6639999999999999,-0.5032702715577626,0.4,0.0,-0.5032702715577626,False,
1751566382.7129142,1.3,1.929,-0.629,-0.4451633002496596,0.4,0.0,-0.4451633002496596,False,
1751566382.9490926,1.3,1.916,-0.6159999999999999,-0.481743187530607,0.4,0.0,-0.481743187530607,False,
1751566383.1448588,1.3,1.876,-0.5759999999999998,-0.419937318227707,0.4,0.0,-0.419937318227707,False,
1751566383.3628495,1.3,1.862,-0.562,-0.43675576282012046,0.4,0.0,-0.43675576282012046,False,
1751566383.6414757,1.3,1.823,-0.5229999999999999,-0.39045521789118154,0.4,0.0,-0.39045521789118154,False,
1751566383.8253946,1.3,1.783,-0.4829999999999999,-0.3427842411275425,0.4,0.0,-0.3427842411275425,False,
1751566384.022656,1.3,1.769,-0.46899999999999986,-0.36107830771302685,0.4,0.0,-0.36107830771302685,False,
1751566384.1994247,1.3,1.734,-0.43399999999999994,-0.3073719435898271,0.4,0.0,-0.3073719435898271,False,
1751566384.3628752,1.3,1.72,-0.41999999999999993,-0.31881636652015377,0.4,0.0,-0.31881636652015377,False,
1751566384.5339277,1.3,1.684,-0.3839999999999999,-0.26547791321791664,0.4,0.0,-0.26547791321791664,False,
1751566384.7431045,1.3,1.669,-0.369,-0.2808580638763734,0.4,0.0,-0.2808580638763734,False,
1751566384.87689,1.3,1.631,-0.33099999999999996,-0.20733974161846266,0.4,0.0,-0.20733974161846266,False,
1751566385.0620975,1.3,1.615,-0.31499999999999995,-0.23476829785595063,0.4,0.0,-0.23476829785595063,False,
1751566385.21795,1.3,1.565,-0.2649999999999999,-0.1478409141318729,0.4,0.0,-0.1478409141318729,False,
1751566385.4417229,1.3,1.549,-0.2489999999999999,-0.18493746502580616,0.4,0.0,-0.18493746502580616,False,
1751566385.7160997,1.3,1.5,-0.19999999999999996,-0.12391721009197106,0.4,0.0,-0.12391721009197106,False,
1751566385.8326445,1.3,1.455,-0.15500000000000003,-0.04819110505958492,0.4,0.0,-0.04819110505958492,False,
1751566386.0768116,1.3,1.441,-0.14100000000000001,-0.10130809273725196,0.4,0.0,-0.10130809273725196,False,
1751566386.2556653,1.3,1.398,-0.09799999999999986,-0.03045248105149235,0.4,0.0,-0.03045248105149235,False,
1751566386.459625,1.3,1.382,-0.08199999999999985,-0.04975648211760415,0.4,0.0,-0.04975648211760415,False,
1751566386.7524765,1.3,1.334,-0.03400000000000003,0.005411154360133005,0.4,0.0,0.005411154360133005,False,
1751566386.9345632,1.3,1.286,0.014000000000000012,0.06394962486686612,0.4,0.0,0.06394962486686612,False,
1751566387.136234,1.3,1.268,0.03200000000000003,0.04340122136972611,0.4,0.0,0.04340122136972611,False,
1751566387.4250407,1.3,1.218,0.08200000000000007,0.10026260949045368,0.4,0.0,0.10026260949045368,False,
1751566387.604897,1.3,1.166,0.13400000000000012,0.16509178009470638,0.4,0.0,0.16509178009470638,False,
1751566387.815553,1.3,1.148,0.15200000000000014,0.13861274804515866,0.4,0.0,0.13861274804515866,False,
1751566387.956418,1.3,1.104,0.19599999999999995,0.21946489735213992,0.4,0.0,0.21946489735213992,False,
1751566388.1516044,1.3,1.087,0.21300000000000008,0.18781890808086626,0.4,0.0,0.18781890808086626,False,
1751566388.2854497,1.3,1.043,0.2570000000000001,0.27184015448311527,0.4,0.0,0.27184015448311527,False,
1751566388.5022724,1.3,1.025,0.27500000000000013,0.236601388846132,0.4,0.0,0.236601388846132,False,
1751566388.787029,1.3,0.972,0.32800000000000007,0.299497014941563,0.4,0.0,0.299497014941563,False,
1751566388.9672897,1.3,0.917,0.383,0.36740749348435775,0.4,0.0,0.36740749348435775,False,
1751566389.2321,1.3,0.899,0.401,0.3343709812147963,0.4,0.0,0.3343709812147963,False,
1751566389.4525902,1.3,0.844,0.45600000000000007,0.41480747228782733,0.4,0.0,0.41480747228782733,False,
1751566389.6442811,1.3,0.789,0.511,0.4660276648553039,0.4,0.0,0.4660276648553039,False,
1751566389.8456082,1.3,0.772,0.528,0.4392452708944135,0.4,0.0,0.4392452708944135,False,
1751566390.1139321,1.3,0.718,0.5820000000000001,0.5060137896824513,0.4,0.0,0.5060137896824513,False,
1751566390.236625,1.3,0.673,0.627,0.5764409670371501,0.4,0.0,0.5764409670371501,False,
1751566390.4461284,1.3,0.656,0.644,0.5312367880617828,0.4,0.0,0.5312367880617828,False,
1751566390.6344895,1.3,0.603,0.6970000000000001,0.6138800690151919,0.4,0.0,0.6138800690151919,False,
1751566390.8409414,1.3,0.585,0.7150000000000001,0.5895193756860052,0.4,0.0,0.5895193756860052,False,
1751566391.126564,1.3,0.535,0.765,0.6473855044684249,0.4,0.0,0.6473855044684249,False,
1751566391.294507,1.3,0.485,0.8150000000000001,0.709815626455969,0.4,0.0,0.709815626455969,False,
1751566391.559348,1.3,0.469,0.8310000000000001,0.67692830156626,0.4,0.0,0.67692830156626,False,
1751566391.7995722,1.3,0.422,0.8780000000000001,0.7414516399596673,0.4,0.0,0.7414516399596673,False,
1751566391.9939258,1.3,0.379,0.921,0.7809328504590569,0.4,0.0,0.7809328504590569,False,
1751566392.179531,1.3,0.366,0.934,0.7613253453881327,0.4,0.0,0.7613253453881327,False,

timestamp,depth_target,depth_actual,error,pid_output,thrust_x,thrust_y,thrust_z,obstacle,acao
1751566399.0378933,1.3,3.138,-1.8379999999999999,-3.7157277505453763,0.4,0.0,-3.7157277505453763,False,
1751566399.2129061,1.3,3.13,-1.8299999999999998,-1.4548258809955406,0.4,0.0,-1.4548258809955406,False,
1751566399.4303887,1.3,3.133,-1.833,-1.4691589083565932,0.4,0.0,-1.4691589083565932,False,
1751566399.6085198,1.3,3.14,-1.84,-1.4798596743710417,0.4,0.0,-1.4798596743710417,False,
1751566399.754488,1.3,3.148,-1.848,-1.4893228622257235,0.4,0.0,-1.4893228622257235,False,
1751566399.8683352,1.3,3.155,-1.8549999999999998,-1.4964077150633055,0.4,0.0,-1.4964077150633055,False,
1751566400.1031349,1.3,3.145,-1.845,-1.467537173007274,0.4,0.0,-1.467537173007274,False,
1751566400.2608302,1.3,3.169,-1.869,-1.5257379910385187,0.4,0.0,-1.5257379910385187,False,
1751566400.4750872,1.3,3.167,-1.8669999999999998,-1.4917251365033242,0.4,0.0,-1.4917251365033242,False,
1751566400.603407,1.3,3.16,-1.86,-1.4770370379221252,0.4,0.0,-1.4770370379221252,False,
1751566400.8313918,1.3,3.179,-1.8789999999999998,-1.5197936552390447,0.4,0.0,-1.5197936552390447,False,
1751566400.9658852,1.3,3.162,-1.8619999999999999,-1.4645103893819014,0.4,0.0,-1.4645103893819014,False,
1751566401.2204273,1.3,3.155,-1.8549999999999998,-1.4784675662485325,0.4,0.0,-1.4784675662485325,False,
1751566401.4320745,1.3,3.164,-1.864,-1.4996862660640284,0.4,0.0,-1.4996862660640284,False,

timestamp,depth_target,depth_actual,error,pid_output,thrust_x,thrust_y,thrust_z,obstacle,acao
1751566421.2761042,1.3,1.457,-0.15700000000000003,-0.350084339242828,0.4,0.0,-0.350084339242828,False,
1751566421.545019,1.3,1.478,-0.17799999999999994,-0.15793167889698745,0.4,0.0,-0.15793167889698745,False,
1751566421.665228,1.3,1.492,-0.19199999999999995,-0.17688847360426424,0.4,0.0,-0.17688847360426424,False,
1751566421.9107077,1.3,1.495,-0.19500000000000006,-0.15845457971636479,0.4,0.0,-0.15845457971636479,False,
1751566422.0947502,1.3,1.502,-0.20199999999999996,-0.1692541087864144,0.4,0.0,-0.1692541087864144,False,
1751566422.3090222,1.3,1.503,-0.20299999999999985,-0.1633326634238539,0.4,0.0,-0.1633326634238539,False,
1751566422.6148798,1.3,1.504,-0.20399999999999996,-0.16385600113861287,0.4,0.0,-0.16385600113861287,False,
1751566422.94422,1.3,1.498,-0.19799999999999995,-0.15478853783982363,0.4,0.0,-0.15478853783982363,False,
1751566423.1154876,1.3,1.488,-0.18799999999999994,-0.1387252710058216,0.4,0.0,-0.1387252710058216,False,
1751566423.7735133,1.3,1.484,-0.18399999999999994,-0.14598424913839828,0.4,0.0,-0.14598424913839828,False,
1751566424.0175178,1.3,1.451,-0.15100000000000002,-0.09363996259932722,0.4,0.0,-0.09363996259932722,False,
1751566424.2930455,1.3,1.433,-0.133,-0.09338038853201121,0.4,0.0,-0.09338038853201121,False,
1751566424.4234464,1.3,1.417,-0.11699999999999999,-0.06906414930158838,0.4,0.0,-0.06906414930158838,False,
1751566424.642439,1.3,1.411,-0.11099999999999999,-0.08331971520437971,0.4,0.0,-0.08331971520437971,False,
1751566424.8220987,1.3,1.39,-0.08999999999999986,-0.04862577681535532,0.4,0.0,-0.04862577681535532,False,
1751566425.0320992,1.3,1.384,-0.08399999999999985,-0.0614859099444389,0.4,0.0,-0.0614859099444389,False,
1751566425.1784115,1.3,1.37,-0.07000000000000006,-0.03686197148211555,0.4,0.0,-0.03686197148211555,False,
1751566425.3840997,1.3,1.364,-0.06400000000000006,-0.045359923511774966,0.4,0.0,-0.045359923511774966,False,
1751566425.5314758,1.3,1.352,-0.052000000000000046,-0.025282079080805615,0.4,0.0,-0.025282079080805615,False,
1751566425.7746599,1.3,1.348,-0.04800000000000004,-0.035116928821068406,0.4,0.0,-0.035116928821068406,False,
1751566426.0055518,1.3,1.339,-0.038999999999999924,-0.023336761195335474,0.4,0.0,-0.023336761195335474,False,
1751566426.110772,1.3,1.332,-0.03200000000000003,-0.012543829808049564,0.4,0.0,-0.012543829808049564,False,
1751566426.3608649,1.3,1.331,-0.030999999999999917,-0.024001914960821543,0.4,0.0,-0.024001914960821543,False,
1751566426.5508993,1.3,1.327,-0.026999999999999913,-0.017378775138445365,0.4,0.0,-0.017378775138445365,False,
1751566426.741756,1.3,1.327,-0.026999999999999913,-0.021599999999999932,0.4,0.0,-0.021599999999999932,False,
1751566426.8900907,1.3,1.325,-0.02499999999999991,-0.017320999155288,0.4,0.0,-0.017320999155288,False,
1751566427.0819588,1.3,1.325,-0.02499999999999991,-0.01999999999999993,0.4,0.0,-0.01999999999999993,False,
1751566427.2092628,1.3,1.323,-0.02299999999999991,-0.015206602559709997,0.4,0.0,-0.015206602559709997,False,
1751566427.4541755,1.3,1.324,-0.02400000000000002,-0.020006546513919914,0.4,0.0,-0.020006546513919914,False,
1751566427.7214525,1.3,1.323,-0.02299999999999991,-0.01765173467585532,0.4,0.0,-0.01765173467585532,False,
1751566427.89142,1.3,1.318,-0.018000000000000016,-0.00855044837733442,0.4,0.0,-0.00855044837733442,False,
1751566428.1036167,1.3,1.317,-0.016999999999999904,-0.01265282500324604,0.4,0.0,-0.01265282500324604,False,
1751566428.4007435,1.3,1.314,-0.014000000000000012,-0.009173663398385025,0.4,0.0,-0.009173663398385025,False,
1751566428.5717928,1.3,1.308,-0.008000000000000007,0.000571953523678656,0.4,0.0,0.000571953523678656,False,
1751566428.7729673,1.3,1.306,-0.006000000000000005,-0.0028011847149845507,0.4,0.0,-0.0028011847149845507,False,
1751566428.9338496,1.3,1.302,-0.0020000000000000018,0.0033555582795629082,0.4,0.0,0.0033555582795629082,False,
1751566429.1250348,1.3,1.299,0.001000000000000112,0.00394658151023486,0.4,0.0,0.00394658151023486,False,
1751566429.4270222,1.3,1.293,0.007000000000000117,0.009563958378618578,0.4,0.0,0.009563958378618578,False,
1751566429.5935853,1.3,1.287,0.013000000000000123,0.017593955731392625,0.4,0.0,0.017593955731392625,False,
1751566429.8046157,1.3,1.285,0.015000000000000124,0.013895445769166997,0.4,0.0,0.013895445769166997,False,
1751566429.9347348,1.3,1.28,0.020000000000000018,0.023687760959855565,0.4,0.0,0.023687760959855565,False,
1751566430.14774,1.3,1.278,0.02200000000000002,0.019513246010368385,0.4,0.0,0.019513246010368385,False,
1751566430.4506388,1.3,1.272,0.028000000000000025,0.02631041139164291,0.4,0.0,0.02631041139164291,False,
1751566430.6328769,1.3,1.266,0.03400000000000003,0.03378526586829641,0.4,0.0,0.03378526586829641,False,
1751566430.8251455,1.3,1.264,0.03600000000000003,0.03091896943908723,0.4,0.0,0.03091896943908723,False,
1751566431.1133,1.3,1.258,0.04200000000000004,0.03769991373601268,0.4,0.0,0.03769991373601268,False,
1751566431.2922363,1.3,1.253,0.04700000000000015,0.04322108787104357,0.4,0.0,0.04322108787104357,False,
1751566431.563404,1.3,1.251,0.049000000000000155,0.04068051676667856,0.4,0.0,0.04068051676667856,False,
1751566431.7858868,1.3,1.245,0.05499999999999994,0.04936950523864314,0.4,0.0,0.04936950523864314,False,
1751566431.999134,1.3,1.238,0.062000000000000055,0.056181387263412534,0.4,0.0,0.056181387263412534,False,
1751566432.1914425,1.3,1.235,0.06499999999999995,0.05516025728285779,0.4,0.0,0.05516025728285779,False,
1751566432.4687934,1.3,1.225,0.07499999999999996,0.06714152005959347,0.4,0.0,0.06714152005959347,False,
1751566432.6703775,1.3,1.214,0.08600000000000008,0.07970494355173252,0.4,0.0,0.07970494355173252,False,
1751566432.864467,1.3,1.21,0.09000000000000008,0.07614070260478117,0.4,0.0,0.07614070260478117,False,
1751566432.983045,1.3,1.2,0.10000000000000009,0.0967261677360696,0.4,0.0,0.0967261677360696,False,
1751566433.6428125,1.3,1.196,0.10400000000000009,0.08441350366191018,0.4,0.0,0.08441350366191018,False,
1751566433.8785865,1.3,1.163,0.137,0.13740999867391587,0.4,0.0,0.13740999867391587,False,
1751566434.173773,1.3,1.147,0.15300000000000002,0.13327790860521815,0.4,0.0,0.13327790860521815,False,
1751566434.3613145,1.3,1.132,0.16800000000000015,0.15083405110094442,0.4,0.0,0.15083405110094442,False,
1751566434.5675004,1.3,1.129,0.17100000000000004,0.13964122022263864,0.4,0.0,0.13964122022263864,False,
1751566434.840036,1.3,1.123,0.17700000000000005,0.1460191154507693,0.4,0.0,0.1460191154507693,False,
1751566435.0308306,1.3,1.124,0.17599999999999993,0.13975711943150454,0.4,0.0,0.13975711943150454,False,
1751566435.2425368,1.3,1.124,0.17599999999999993,0.14079999999999995,0.4,0.0,0.14079999999999995,False,
1751566435.5010202,1.3,1.125,0.17500000000000004,0.13928309235883818,0.4,0.0,0.13928309235883818,False,
1751566435.610155,1.3,1.124,0.17599999999999993,0.1426371293102502,0.4,0.0,0.1426371293102502,False,
1751566435.8667834,1.3,1.122,0.17799999999999994,0.14395966146569286,0.4,0.0,0.14395966146569286,False,
1751566436.0338216,1.3,1.118,0.18199999999999994,0.15040486408541356,0.4,0.0,0.15040486408541356,False,
1751566436.2311018,1.3,1.119,0.18100000000000005,0.1437863052368018,0.4,0.0,0.1437863052368018,False,
1751566436.364472,1.3,1.121,0.17900000000000005,0.1401738885131175,0.4,0.0,0.1401738885131175,False,
1751566436.5809088,1.3,1.124,0.17599999999999993,0.138068387820871,0.4,0.0,0.138068387820871,False,
1751566436.8521228,1.3,1.136,0.16400000000000015,0.12228356110873458,0.4,0.0,0.12228356110873458,False,
1751566436.9763162,1.3,1.15,0.15000000000000013,0.09763838625406529,0.4,0.0,0.09763838625406529,False,
1751566437.195724,1.3,1.155,0.14500000000000002,0.11142106050334108,0.4,0.0,0.11142106050334108,False,
1751566437.3932567,1.3,1.173,0.127,0.08346935121323316,0.4,0.0,0.08346935121323316,False,
1751566437.5917616,1.3,1.178,0.12200000000000011,0.09252562723363913,0.4,0.0,0.09252562723363913,False,
1751566437.72077,1.3,1.191,0.10899999999999999,0.06742243630665642,0.4,0.0,0.06742243630665642,False,
1751566437.922877,1.3,1.194,0.1060000000000001,0.08183127831930928,0.4,0.0,0.08183127831930928,False,
1751566438.061028,1.3,1.204,0.09600000000000009,0.06221301917141249,0.4,0.0,0.06221301917141249,False,
1751566438.280925,1.3,1.206,0.09400000000000008,0.07337736823922814,0.4,0.0,0.07337736823922814,False,
1751566438.5636716,1.3,1.212,0.08800000000000008,0.06616272651580912,0.4,0.0,0.06616272651580912,False,
1751566438.741445,1.3,1.214,0.08600000000000008,0.06653712035176225,0.4,0.0,0.06653712035176225,False,
1751566438.9652574,1.3,1.214,0.08600000000000008,0.06880000000000007,0.4,0.0,0.06880000000000007,False,
1751566439.2279222,1.3,1.214,0.08600000000000008,0.06880000000000007,0.4,0.0,0.06880000000000007,False,
1751566439.3548093,1.3,1.213,0.08699999999999997,0.07116364727658389,0.4,0.0,0.07116364727658389,False,
1751566439.5713677,1.3,1.211,0.08899999999999997,0.07305569376635612,0.4,0.0,0.07305569376635612,False,
1751566439.6923096,1.3,1.208,0.09200000000000008,0.07856217591141161,0.4,0.0,0.07856217591141161,False,
1751566439.9187503,1.3,1.207,0.09299999999999997,0.07528300950945355,0.4,0.0,0.07528300950945355,False,
1751566440.0995715,1.3,1.202,0.09800000000000009,0.08391699899112287,0.4,0.0,0.08391699899112287,False,
