Frame,Elapsed_Time(s),Centroide_X,Centroide_Y,Erro_X,Erro_Y,PID_Lateral_Output,PID_Vertical_Output
0,0.17,57,574,-254.0,183.0,-221.95,159.92
1,0.30,63,575,-255.0,177.0,-205.57,132.20
2,0.83,63,575,-255.0,177.0,-204.00,141.60
3,1.18,127,614,-294.0,113.0,-257.49,53.82
4,1.37,127,615,-295.0,113.0,-237.09,90.40
5,1.55,128,615,-295.0,112.0,-236.00,88.51
6,1.68,127,613,-293.0,113.0,-231.35,91.93
7,1.83,126,614,-294.0,114.0,-236.57,92.57
8,1.98,131,617,-297.0,109.0,-241.53,80.65
9,2.11,103,594,-274.0,137.0,-183.96,152.50
10,2.26,121,605,-285.0,119.0,-242.98,70.68
11,2.38,143,616,-296.0,97.0,-254.93,41.34
12,2.93,143,616,-296.0,97.0,-236.80,77.60
119,18.89,7,396,-76.0,233.0,-58.04,188.10
120,19.01,9,356,-36.0,231.0,39.15,181.40
121,19.15,11,347,-27.0,229.0,-8.67,180.33
122,19.33,13,336,-16.0,227.0,-0.60,179.38
123,19.45,12,310,10.0,228.0,49.66,184.00
124,19.57,7,397,-77.0,233.0,-207.70,194.80
127,19.94,248,633,-313.0,-8.0,-378.93,-137.65
128,20.07,235,629,-309.0,5.0,-241.08,23.88
129,20.19,222,627,-307.0,18.0,-242.38,35.33
130,20.32,94,631,-311.0,146.0,-255.34,326.19
131,20.44,89,627,-307.0,151.0,-239.01,129.04
132,20.56,82,629,-309.0,158.0,-250.40,137.60
133,20.68,89,630,-310.0,151.0,-249.66,109.16
134,20.81,105,633,-313.0,135.0,-255.26,82.07
135,20.91,113,632,-312.0,127.0,-247.69,86.31
136,21.05,128,625,-305.0,112.0,-233.59,67.29
150,23.47,3,157,163.0,237.0,169.01,199.91
151,23.72,117,412,-92.0,123.0,-278.29,6.89
153,23.97,57,397,-77.0,183.0,-49.59,194.44
163,25.65,43,326,-6.0,197.0,3.63,159.26
169,26.51,14,376,-56.0,226.0,-56.47,187.57
170,26.63,48,332,-12.0,192.0,63.03,97.48
171,26.76,36,334,-14.0,204.0,-14.29,181.75
172,26.94,16,306,14.0,224.0,43.16,202.03
173,27.06,3,283,37.0,237.0,65.62,209.96
174,27.18,0,279,41.0,240.0,39.69,197.17
176,27.43,12,284,36.0,228.0,24.84,172.89
177,27.56,13,280,40.0,227.0,38.34,180.01
179,27.83,21,265,55.0,219.0,54.93,169.37
180,27.99,460,315,5.0,-220.0,-61.29,-749.23
181,28.09,2,234,86.0,238.0,224.28,1069.54
182,28.22,23,278,42.0,217.0,-36.25,140.26
183,28.34,468,284,36.0,-228.0,18.97,-911.69
184,28.47,467,284,36.0,-227.0,28.80,-180.06
185,28.59,11,260,60.0,229.0,87.70,937.48
189,29.16,465,248,72.0,-225.0,61.81,-339.29
191,29.47,453,217,103.0,-213.0,102.42,-162.65
192,29.62,317,206,114.0,-77.0,106.01,121.47
193,29.74,335,170,150.0,-95.0,180.65,-106.33
194,29.88,337,167,153.0,-97.0,126.68,-80.45
195,30.07,353,147,173.0,-113.0,158.78,-106.70
196,30.40,353,143,177.0,-113.0,144.03,-90.40
197,30.53,1,154,166.0,239.0,115.95,730.29
198,30.65,353,106,214.0,-113.0,253.84,-696.39
199,30.81,472,95,225.0,-232.0,193.48,-331.39
200,30.97,450,72,248.0,-210.0,228.28,-139.42
201,31.10,281,101,219.0,-41.0,132.17,217.95
202,31.20,397,10,310.0,-157.0,423.24,-348.99
203,31.35,247,92,228.0,-7.0,72.04,196.29
204,31.50,224,91,229.0,16.0,184.58,44.56
205,31.62,205,87,233.0,35.0,192.89,58.84
206,31.74,194,84,236.0,46.0,193.72,54.83
208,32.03,292,0,320.0,-52.0,314.57,-109.93
209,32.14,119,65,255.0,121.0,85.68,411.71
210,32.28,124,64,256.0,116.0,206.19,85.83
211,32.41,136,67,253.0,104.0,197.78,64.73
212,32.55,140,73,247.0,100.0,189.09,74.33
213,32.67,262,20,300.0,-22.0,332.10,-229.59
214,32.80,253,29,291.0,-13.0,219.17,3.23
215,32.96,125,74,246.0,115.0,138.56,257.65
216,33.09,119,21,299.0,121.0,319.15,105.85
217,33.22,96,57,263.0,144.0,154.31,151.03
218,33.35,86,78,242.0,154.0,161.34,138.56
219,33.46,80,101,219.0,160.0,134.59,138.59
220,33.59,83,163,157.0,157.0,33.32,121.13
262,38.96,204,495,-175.0,36.0,-152.38,24.29
263,39.08,202,498,-178.0,38.0,-147.27,33.65
266,39.46,282,568,-248.0,-42.0,-235.79,-76.33
268,39.69,144,568,-248.0,96.0,-198.40,193.77
269,39.83,151,586,-266.0,89.0,-239.21,60.93
270,39.95,165,604,-284.0,75.0,-257.08,36.76
271,40.07,186,621,-301.0,54.0,-269.61,7.61
272,40.17,181,611,-291.0,59.0,-213.92,56.64
273,40.28,186,623,-303.0,54.0,-264.08,34.16
274,40.41,193,630,-310.0,47.0,-259.01,26.59
275,40.55,219,564,-244.0,21.0,-99.20,-21.02
276,40.67,354,634,-314.0,-114.0,-366.27,-313.13
279,41.36,314,623,-303.0,-74.0,-239.22,-47.63
280,41.50,318,626,-306.0,-78.0,-249.01,-68.01
281,41.64,313,624,-304.0,-73.0,-240.26,-51.04
282,41.80,308,628,-308.0,-68.0,-251.36,-48.20
283,41.94,444,634,-314.0,-204.0,-259.75,-356.97
284,42.11,293,571,-251.0,-53.0,-126.61,135.42
287,42.58,225,638,-318.0,15.0,-282.75,40.77
289,42.84,275,621,-301.0,-35.0,-227.34,-67.58
290,42.95,214,585,-265.0,26.0,-146.92,131.07
291,43.08,198,592,-272.0,42.0,-227.77,56.85
292,43.22,70,625,-305.0,170.0,-293.11,326.49
293,43.34,207,634,-314.0,33.0,-266.14,-200.98
294,43.47,207,635,-315.0,33.0,-253.54,26.40
332,48.57,13,253,67.0,227.0,68.58,189.21
333,48.70,23,252,68.0,217.0,55.98,157.84
334,48.83,37,247,73.0,203.0,65.93,141.32
335,48.95,35,255,65.0,205.0,38.96,167.26
336,49.10,22,232,88.0,218.0,100.90,191.64
337,49.22,7,218,102.0,233.0,106.34,212.91
350,50.88,8,30,290.0,232.0,254.58,185.48
354,51.39,17,418,-98.0,223.0,-230.03,174.88
356,51.63,42,424,-104.0,198.0,-88.27,137.26
359,52.03,1,475,-155.0,239.0,-149.43,211.64
371,53.49,5,457,-137.0,235.0,-107.12,187.45
374,53.87,38,437,-117.0,202.0,-83.08,144.24
376,54.10,41,454,-134.0,199.0,-121.80,156.62
377,54.23,47,433,-113.0,193.0,-59.11,145.46
378,54.34,29,394,-74.0,211.0,14.67,202.89
380,54.59,33,410,-90.0,207.0,-84.65,162.44
381,54.72,12,429,-109.0,228.0,-117.73,216.15
382,54.85,29,398,-78.0,211.0,-14.64,142.61
384,55.09,17,367,-47.0,223.0,-12.73,188.03
386,55.32,0,43,277.0,240.0,513.38,207.31
388,55.55,23,360,-40.0,217.0,-298.47,154.27
390,55.80,31,385,-65.0,209.0,-72.11,160.76
391,55.99,42,392,-72.0,198.0,-64.93,146.89
393,56.24,44,432,-112.0,196.0,-122.26,155.17
398,56.85,23,447,-127.0,217.0,-106.49,180.45
400,57.09,15,434,-114.0,225.0,-80.35,186.67
403,57.47,24,404,-84.0,216.0,-51.30,168.03
413,58.80,0,276,44.0,240.0,54.39,195.60
416,59.28,36,321,-1.0,204.0,-19.54,148.21
422,60.13,40,243,77.0,200.0,80.02,159.06
423,60.30,43,244,76.0,197.0,59.62,154.06
424,60.42,37,239,81.0,203.0,73.17,172.44
436,62.02,80,222,98.0,160.0,80.52,122.63
437,62.12,400,197,123.0,-160.0,148.57,-770.23
438,62.26,78,175,145.0,162.0,146.84,581.02
439,62.37,408,175,145.0,-168.0,116.00,-734.58
440,62.51,62,150,170.0,178.0,171.75,637.24
441,62.62,61,162,158.0,179.0,103.66,145.10
442,62.74,32,130,190.0,208.0,204.49,213.96
443,62.87,474,125,195.0,-234.0,163.83,-879.27
444,63.00,23,132,188.0,217.0,139.78,857.87
445,63.12,25,159,161.0,215.0,83.05,168.61
446,63.26,455,126,194.0,-215.0,203.35,-799.45
447,63.39,457,131,189.0,-217.0,143.56,-176.66
448,63.50,458,167,153.0,-218.0,57.94,-176.19
449,63.69,469,133,187.0,-229.0,185.45,-194.80
450,63.82,469,133,187.0,-229.0,149.60,-183.20
451,63.99,469,133,187.0,-229.0,149.60,-183.20
452,64.13,469,133,187.0,-229.0,149.60,-183.20
453,64.28,469,133,187.0,-229.0,149.60,-183.20
454,64.42,469,133,187.0,-229.0,149.60,-183.20
455,64.55,446,7,313.0,-206.0,444.21,-129.42
456,64.70,458,18,302.0,-218.0,226.46,-190.92
457,64.85,415,3,317.0,-175.0,272.62,-85.48
460,65.25,212,92,228.0,28.0,137.37,125.11
461,65.39,187,85,235.0,53.0,197.72,77.13
462,65.54,146,65,255.0,94.0,230.96,130.46
463,65.67,134,59,261.0,106.0,218.15,103.49
464,65.82,112,42,278.0,128.0,245.22,131.94
467,66.25,288,3,317.0,-48.0,271.50,-119.19
669,93.48,7,634,-314.0,233.0,-255.83,188.46
687,95.90,0,487,-167.0,240.0,-121.43,192.58
703,97.79,19,352,-32.0,221.0,-11.29,174.79
709,98.54,405,309,11.0,-165.0,20.27,-234.99
712,98.92,401,345,-25.0,-161.0,-38.53,-126.74
713,99.03,412,356,-36.0,-172.0,-49.77,-158.57
722,100.14,385,344,-24.0,-145.0,-17.03,-111.12
723,100.26,388,356,-36.0,-148.0,-48.78,-123.40
727,100.76,350,362,-42.0,-110.0,-35.98,-72.95
728,100.89,349,363,-43.0,-109.0,-35.92,-85.68
729,101.00,363,373,-53.0,-123.0,-60.32,-123.49
730,101.12,379,389,-69.0,-139.0,-82.20,-138.20
731,101.26,404,417,-97.0,-164.0,-119.03,-168.19
732,101.38,449,452,-132.0,-209.0,-163.25,-241.32
733,101.49,454,437,-117.0,-214.0,-67.27,-179.98
734,101.62,452,433,-113.0,-212.0,-83.98,-166.39
735,101.74,448,438,-118.0,-208.0,-102.21,-160.15
739,102.24,241,404,-84.0,-1.0,-53.61,81.96
740,102.35,226,399,-79.0,14.0,-53.89,39.12
741,102.49,218,375,-55.0,22.0,-7.87,29.64
742,102.60,221,440,-120.0,19.0,-211.22,9.88
743,102.75,237,484,-164.0,3.0,-188.37,-18.39
744,102.92,263,527,-207.0,-23.0,-217.32,-49.67
745,103.05,315,558,-238.0,-75.0,-238.71,-141.04
746,103.15,405,588,-268.0,-165.0,-271.28,-302.63
747,103.29,445,593,-273.0,-205.0,-225.58,-221.46
749,103.54,454,558,-238.0,-214.0,-162.46,-178.38
750,103.65,445,546,-226.0,-205.0,-158.06,-146.95
751,103.80,427,546,-226.0,-187.0,-180.80,-125.27
752,103.91,413,542,-222.0,-173.0,-170.62,-113.96
753,104.03,416,455,-135.0,-176.0,34.02,-145.70
754,104.15,432,526,-206.0,-192.0,-288.65,-181.51
755,104.28,474,572,-252.0,-234.0,-272.28,-251.73
756,104.41,345,510,-190.0,-105.0,-55.73,116.31
757,104.53,474,472,-152.0,-234.0,-61.82,-390.14
758,104.64,348,379,-59.0,-108.0,134.18,159.33
759,104.77,348,417,-97.0,-108.0,-134.57,-86.40
760,104.90,336,359,-39.0,-96.0,59.96,-57.94
761,105.01,349,358,-38.0,-109.0,-28.63,-110.19
762,105.14,356,353,-33.0,-116.0,-18.69,-103.59
763,105.26,368,350,-30.0,-128.0,-19.20,-121.60
764,105.40,382,354,-34.0,-142.0,-33.32,-135.02
765,105.50,459,379,-59.0,-219.0,-93.59,-318.09
766,105.66,454,265,55.0,-214.0,193.62,-164.64
767,105.78,462,322,-2.0,-222.0,-90.27,-190.04
768,105.93,452,319,1.0,-212.0,4.78,-156.34
769,106.08,446,329,-9.0,-206.0,-21.12,-156.45
770,106.18,450,330,-10.0,-210.0,-10.00,-176.00
771,106.33,457,331,-11.0,-217.0,-10.10,-182.73
772,106.50,453,335,-15.0,-213.0,-16.83,-165.57
773,106.63,422,329,-9.0,-182.0,1.97,-98.20
774,106.74,413,320,0.0,-173.0,15.76,-122.64
775,106.88,439,253,67.0,-199.0,148.88,-196.17
776,106.98,456,314,6.0,-216.0,-124.53,-208.84
777,107.08,455,254,66.0,-215.0,166.20,-170.11
778,107.21,435,258,62.0,-195.0,43.07,-123.33
779,107.35,422,335,-15.0,-182.0,-119.65,-127.43
780,107.48,422,329,-9.0,-182.0,1.66,-145.60
781,107.65,433,267,53.0,-193.0,118.90,-167.97
782,107.75,475,346,-26.0,-235.0,-175.66,-270.33
783,107.87,419,241,79.0,-179.0,239.97,-48.92
784,108.01,456,350,-30.0,-216.0,-178.71,-225.32
786,108.24,454,321,-1.0,-214.0,24.64,-169.45
787,108.38,451,322,-2.0,-211.0,-3.01,-164.57
788,108.51,472,349,-29.0,-232.0,-64.84,-217.99
789,108.64,441,349,-29.0,-201.0,-23.20,-114.43
790,108.75,469,243,77.0,-229.0,265.23,-236.99
791,108.89,349,309,11.0,-109.0,-82.84,79.42
792,109.00,410,346,-26.0,-170.0,-89.23,-248.82
793,109.12,381,331,-11.0,-141.0,14.75,-67.26
794,109.32,382,331,-11.0,-142.0,-8.80,-114.65
795,109.46,450,365,-45.0,-210.0,-84.72,-265.43
796,109.57,465,368,-48.0,-225.0,-43.42,-205.10
797,109.69,468,370,-50.0,-228.0,-43.40,-187.49
798,109.82,463,369,-49.0,-223.0,-37.67,-170.74
799,109.93,452,373,-53.0,-212.0,-49.98,-148.77
800,110.07,414,338,-18.0,-174.0,34.44,-86.17
801,110.20,409,279,41.0,-169.0,125.63,-127.33
802,110.34,397,277,43.0,-157.0,37.19,-108.85
803,110.46,358,344,-24.0,-118.0,-134.78,-27.12
804,110.58,351,346,-26.0,-111.0,-24.03,-77.48
805,110.69,339,341,-21.0,-99.0,-7.15,-56.04
806,110.82,379,391,-71.0,-139.0,-130.96,-170.53
807,110.93,329,373,-53.0,-89.0,-10.18,18.30
808,111.05,304,358,-38.0,-64.0,-4.34,-7.77
809,111.23,283,347,-27.0,-43.0,-9.54,-11.38
810,111.37,273,346,-26.0,-33.0,-19.33,-11.71
811,111.49,272,349,-29.0,-32.0,-27.90,-24.03
813,111.73,325,312,8.0,-85.0,37.18,-112.09
814,111.88,330,331,-11.0,-90.0,-34.81,-78.85
815,112.03,250,426,-106.0,-10.0,-212.36,99.42
816,112.19,264,463,-143.0,-24.0,-160.04,-36.47
817,112.32,288,504,-184.0,-48.0,-209.31,-74.76
818,112.44,310,530,-210.0,-70.0,-211.20,-92.55
819,112.55,393,590,-270.0,-153.0,-324.99,-273.17
820,112.68,406,582,-262.0,-166.0,-197.36,-152.68
821,112.80,427,588,-268.0,-187.0,-225.25,-187.57
822,112.91,438,591,-271.0,-198.0,-221.90,-177.10
823,113.03,430,597,-277.0,-190.0,-231.79,-138.41
824,113.18,410,605,-285.0,-170.0,-238.50,-109.75
825,113.32,414,529,-209.0,-174.0,-55.82,-145.06
826,113.44,390,535,-215.0,-150.0,-181.60,-81.61
827,113.57,358,537,-217.0,-118.0,-176.70,-44.86
828,113.71,328,536,-216.0,-88.0,-171.32,-25.97
829,113.85,288,536,-216.0,-48.0,-172.80,20.12
830,113.98,248,535,-215.0,-8.0,-170.53,52.24
831,114.13,216,533,-213.0,24.0,-167.68,62.69
832,114.24,193,529,-209.0,47.0,-160.11,78.37
833,114.35,61,603,-283.0,179.0,-361.63,384.41
834,114.47,41,599,-279.0,199.0,-216.65,191.93
835,114.62,31,601,-281.0,209.0,-227.59,181.14
836,114.74,27,603,-283.0,213.0,-229.60,176.80
837,114.86,168,541,-221.0,72.0,-74.33,-175.43
838,114.98,48,14,306.0,192.0,1108.94,350.37
839,115.11,28,13,307.0,212.0,247.24,202.45
840,115.22,10,22,298.0,230.0,222.85,215.09
841,115.35,9,30,290.0,231.0,219.01,186.42
842,115.46,6,62,258.0,234.0,148.64,192.61
843,115.62,318,576,-256.0,-78.0,-848.57,-453.17
844,115.71,345,580,-260.0,-105.0,-216.32,-140.18
845,115.88,325,575,-255.0,-85.0,-198.04,-44.16
846,116.01,353,565,-245.0,-113.0,-180.59,-133.54
847,116.13,358,563,-243.0,-118.0,-191.01,-102.88
848,116.26,370,559,-239.0,-130.0,-185.32,-121.64
849,116.37,366,561,-241.0,-126.0,-196.49,-93.41
850,116.49,364,559,-239.0,-124.0,-187.90,-95.90
851,116.60,356,568,-248.0,-116.0,-215.47,-77.63
852,116.73,359,556,-236.0,-119.0,-170.25,-99.84
853,116.84,272,597,-277.0,-32.0,-297.30,135.04
854,116.98,296,626,-306.0,-56.0,-286.41,-79.24
855,117.09,259,590,-270.0,-19.0,-152.71,49.85
856,117.22,267,565,-245.0,-27.0,-158.73,-33.53
857,117.33,260,627,-307.0,-20.0,-358.56,-3.25
858,117.46,141,541,-221.0,99.0,-43.24,264.01
859,117.58,112,536,-216.0,128.0,-164.40,151.09
860,117.70,74,539,-219.0,166.0,-180.30,197.36
861,117.83,127,609,-289.0,113.0,-340.92,7.33
862,117.95,117,605,-285.0,123.0,-221.60,114.41
863,118.07,123,609,-289.0,117.0,-238.02,83.38
864,118.20,134,617,-297.0,106.0,-249.85,67.96
865,118.33,120,583,-263.0,120.0,-159.38,117.01
866,118.47,143,602,-282.0,97.0,-252.84,44.62
867,118.58,170,618,-298.0,70.0,-268.23,5.66
868,118.70,188,626,-306.0,52.0,-257.68,12.62
869,118.85,202,636,-316.0,38.0,-266.95,10.59
888,121.24,113,635,-315.0,127.0,-251.92,109.05
889,121.38,106,633,-313.0,134.0,-247.63,116.89
890,121.50,120,626,-306.0,120.0,-233.12,72.63
891,121.59,127,624,-304.0,113.0,-238.99,75.67
892,121.69,138,619,-299.0,102.0,-229.07,59.32
893,121.84,154,609,-289.0,86.0,-217.29,46.55
894,121.95,169,598,-278.0,71.0,-202.09,29.11
895,122.07,316,617,-297.0,-76.0,-268.38,-298.97
896,122.19,314,602,-282.0,-74.0,-200.84,-55.90
897,122.32,310,589,-269.0,-70.0,-194.84,-49.74
898,122.44,308,581,-261.0,-68.0,-195.63,-51.11
899,122.59,160,609,-289.0,80.0,-267.33,254.95
900,122.72,308,617,-297.0,-68.0,-250.39,-291.09
901,122.84,314,606,-286.0,-74.0,-210.90,-68.97
902,122.99,184,590,-270.0,56.0,-194.25,221.53
903,123.12,175,582,-262.0,65.0,-197.71,65.38
904,123.25,162,579,-259.0,78.0,-202.45,82.99
905,123.39,148,571,-251.0,92.0,-189.14,94.00
906,123.53,130,558,-238.0,110.0,-172.50,112.79
907,123.63,98,534,-214.0,142.0,-120.99,180.55
909,123.86,70,478,-158.0,170.0,-77.79,160.30
910,123.99,210,470,-150.0,30.0,-107.40,-196.53
911,124.10,212,477,-157.0,28.0,-137.62,18.97
919,125.07,322,382,-62.0,-82.0,-30.04,-88.25
932,126.68,308,243,77.0,-68.0,78.86,-52.66
933,126.80,312,232,88.0,-72.0,89.79,-64.65
934,126.92,317,182,138.0,-77.0,189.35,-69.50
935,127.10,318,161,159.0,-78.0,150.54,-63.51
936,127.24,316,146,174.0,-76.0,161.74,-57.79
937,127.36,314,131,189.0,-74.0,176.59,-55.81
938,127.49,310,118,202.0,-70.0,181.37,-49.92
939,127.60,301,105,215.0,-61.0,195.66,-32.42
940,127.72,284,93,227.0,-44.0,200.60,-8.28
941,127.85,255,74,246.0,-15.0,225.65,32.03
942,127.97,231,63,257.0,9.0,224.95,49.42
943,128.08,207,51,269.0,33.0,235.90,67.80
944,128.18,170,29,291.0,70.0,279.62,134.73
945,128.32,163,23,297.0,77.0,245.79,71.16
946,128.44,147,19,301.0,93.0,247.97,103.08
947,128.55,135,16,304.0,105.0,248.45,104.99
948,128.68,133,69,251.0,107.0,118.00,88.72
949,128.81,95,75,245.0,145.0,187.05,172.70
950,128.93,87,73,247.0,153.0,201.11,136.42
951,129.06,75,95,225.0,165.0,147.73,149.60
952,129.18,103,96,224.0,137.0,177.48,61.35
953,129.31,198,75,245.0,42.0,229.34,-117.23
954,129.43,224,41,279.0,16.0,276.90,-28.26
955,129.96,224,41,279.0,16.0,223.20,12.80
1175,159.54,20,441,-121.0,220.0,-99.50,177.38
1176,159.67,69,492,-172.0,171.0,-218.99,58.61
1177,159.79,53,399,-79.0,187.0,86.88,175.42
1180,160.16,11,327,-7.0,229.0,33.23,205.85
1181,160.29,0,362,-42.0,240.0,-90.07,209.75
1182,160.42,6,339,-19.0,234.0,19.86,178.05
1187,161.04,10,297,23.0,230.0,32.03,182.70
1201,162.93,408,611,-291.0,-168.0,-265.88,-176.33
1202,163.05,418,501,-181.0,-178.0,45.44,-159.69
1203,163.17,342,155,165.0,-102.0,698.53,42.84
1204,163.31,334,168,152.0,-94.0,102.57,-63.49
1205,163.40,261,53,267.0,-21.0,455.23,136.58
1206,163.54,301,66,254.0,-61.0,184.04,-107.74
1207,163.66,296,85,235.0,-56.0,156.34,-36.47
1208,163.78,130,525,-205.0,110.0,-898.72,365.19
1209,163.91,86,578,-258.0,154.0,-289.43,192.13
1210,164.01,62,501,-181.0,178.0,1.15,187.89
1211,164.20,88,470,-150.0,152.0,-85.99,93.08
1212,164.34,97,456,-136.0,143.0,-89.76,102.16
1213,164.48,105,349,-29.0,135.0,129.73,96.57
1214,164.68,69,410,-90.0,171.0,-132.84,172.70
1215,164.83,133,389,-69.0,107.0,-27.12,0.01
1216,164.97,117,208,112.0,123.0,351.16,121.52
1217,165.09,96,66,254.0,144.0,446.24,151.14
1218,165.21,433,458,-138.0,-193.0,-761.45,-714.11
1219,165.34,150,49,271.0,90.0,841.67,504.37
1220,165.47,48,572,-252.0,192.0,-1019.28,313.07
1221,165.58,76,592,-272.0,164.0,-254.38,79.71
1222,165.73,67,587,-267.0,173.0,-206.93,150.40
1223,165.84,68,552,-232.0,172.0,-122.71,135.80
1224,165.97,59,524,-204.0,181.0,-120.12,158.65
1225,166.09,45,299,21.0,195.0,390.60,179.26
1226,166.21,239,54,266.0,1.0,627.96,-327.94
1227,166.34,218,42,278.0,22.0,240.69,49.61
1228,166.44,454,549,-229.0,-214.0,-1130.81,-612.30
1229,166.59,40,536,-216.0,200.0,-154.80,733.07
1230,166.74,63,558,-238.0,177.0,-220.05,110.60
1231,166.89,61,573,-253.0,179.0,-222.00,145.81
1232,167.04,169,42,278.0,71.0,906.82,-82.40
1233,167.21,444,487,-167.0,-204.0,-675.87,-498.31
1234,167.36,432,493,-173.0,-192.0,-146.16,-138.09
1235,167.49,417,499,-179.0,-177.0,-152.72,-117.79
1236,167.65,396,494,-174.0,-156.0,-132.87,-98.22
1237,167.80,349,488,-168.0,-109.0,-126.71,-26.98
1238,167.96,325,491,-171.0,-85.0,-140.54,-38.08
1239,168.09,378,464,-144.0,-138.0,-72.37,-194.48
1240,168.20,432,420,-100.0,-192.0,0.85,-252.82
1241,168.33,40,22,298.0,200.0,862.01,774.21
1242,168.45,62,26,294.0,178.0,228.66,106.43
1243,168.58,294,626,-306.0,-54.0,-1166.62,-399.64
1244,168.69,468,202,118.0,-228.0,840.50,-488.58
1245,168.82,453,214,106.0,-213.0,65.43,-146.19
1246,168.94,442,230,90.0,-202.0,45.67,-143.50
1247,169.06,438,238,82.0,-198.0,52.32,-151.76
1248,169.18,446,243,77.0,-206.0,53.49,-177.77
1249,169.36,437,269,51.0,-197.0,11.50,-147.46
1250,169.47,421,286,34.0,-181.0,-4.69,-114.78
1251,169.61,420,292,28.0,-180.0,13.82,-142.57
1252,169.72,434,283,37.0,-194.0,45.01,-179.17
1253,169.85,444,273,47.0,-204.0,53.11,-178.71
1254,169.96,449,261,59.0,-209.0,69.55,-176.51
1255,170.09,453,248,72.0,-213.0,77.02,-176.38
1256,170.20,450,246,74.0,-210.0,62.82,-162.56
1257,170.33,455,259,61.0,-215.0,28.76,-179.71
1258,170.47,462,261,59.0,-222.0,44.30,-187.76
1259,170.62,456,237,83.0,-216.0,99.17,-164.61
1260,170.73,447,223,97.0,-207.0,101.59,-150.18
1261,170.85,452,215,105.0,-212.0,98.00,-178.35
1262,171.00,463,216,104.0,-223.0,81.85,-193.21
1264,171.29,313,9,311.0,-73.0,391.90,45.29
1265,171.41,283,15,305.0,-43.0,234.34,13.89
1266,171.53,17,109,211.0,223.0,12.95,619.41
1267,171.66,453,175,145.0,-213.0,9.97,-870.81
1268,171.77,432,278,42.0,-192.0,-142.27,-117.74
1269,171.90,385,286,34.0,-145.0,14.65,-42.26
1270,172.01,330,271,49.0,-90.0,65.41,24.09
1271,172.16,301,280,40.0,-61.0,19.43,-8.31
1272,172.30,252,320,0.0,-12.0,-56.31,59.38
1273,172.42,194,347,-27.0,46.0,-68.24,136.98
1274,172.54,164,329,-9.0,76.0,22.41,110.16
1275,172.65,179,311,9.0,61.0,38.70,22.55
1276,172.77,258,324,-4.0,-18.0,-25.98,-152.84
1277,172.91,301,350,-30.0,-61.0,-60.84,-109.73
1278,173.02,298,377,-57.0,-58.0,-93.57,-41.07
1279,173.15,288,379,-59.0,-48.0,-50.31,-22.86
1280,173.25,228,378,-58.0,12.0,-44.40,129.59
1281,173.38,170,362,-42.0,70.0,-9.19,144.50
1282,173.51,177,359,-39.0,63.0,-26.68,39.86
1283,173.64,191,379,-59.0,49.0,-77.86,17.74
1284,173.75,188,411,-91.0,52.0,-130.21,46.98
1285,173.87,169,429,-109.0,71.0,-118.62,89.96
1286,174.00,160,420,-100.0,80.0,-65.79,78.21
1287,174.13,140,418,-98.0,100.0,-75.37,110.35
1288,174.24,126,421,-101.0,114.0,-85.99,115.40
1289,174.38,141,411,-91.0,99.0,-58.02,57.02
1290,174.49,155,410,-90.0,85.0,-70.26,43.66
1291,174.60,158,410,-90.0,82.0,-72.00,60.17
1292,174.76,159,410,-90.0,81.0,-72.00,63.49
1293,174.88,169,408,-88.0,71.0,-67.24,41.00
1294,175.11,185,410,-90.0,55.0,-73.78,29.73
1295,175.30,185,410,-90.0,55.0,-72.00,44.00
1296,175.47,185,410,-90.0,55.0,-72.00,44.00
1297,175.68,185,410,-90.0,55.0,-72.00,44.00
1298,175.81,185,410,-90.0,55.0,-72.00,44.00
1299,175.96,123,494,-174.0,117.0,-249.95,175.35
1300,176.08,160,509,-189.0,80.0,-177.09,0.14
1301,176.20,191,515,-195.0,49.0,-165.77,-11.28
1302,176.32,203,504,-184.0,37.0,-129.42,10.21
1303,176.47,245,508,-188.0,-5.0,-155.89,-61.65
1304,176.59,368,525,-205.0,-128.0,-190.64,-295.11
1305,176.76,343,503,-183.0,-103.0,-119.97,-52.36
1306,176.90,375,500,-180.0,-135.0,-139.79,-152.89
1307,177.08,354,510,-190.0,-114.0,-163.73,-66.57
1308,177.24,346,527,-207.0,-106.0,-185.84,-75.27
1309,177.43,346,537,-217.0,-106.0,-184.58,-84.80
1310,177.56,328,542,-222.0,-88.0,-184.83,-44.37
1311,177.68,258,557,-237.0,-18.0,-214.46,101.63
1312,177.85,181,564,-244.0,59.0,-203.43,137.76
1313,177.98,114,556,-236.0,126.0,-175.92,208.66
1314,178.10,68,554,-234.0,172.0,-183.97,211.96
1315,178.23,32,565,-245.0,208.0,-213.82,224.74
1316,178.33,10,617,-297.0,230.0,-333.25,224.47
1317,178.46,20,10,310.0,220.0,1207.73,160.19
1318,178.58,34,19,301.0,206.0,226.26,142.18
1319,178.70,40,16,304.0,200.0,248.51,149.38
1320,178.83,42,23,297.0,198.0,227.02,155.38
1324,179.35,1,162,158.0,239.0,72.66,207.05
1325,179.49,10,178,142.0,230.0,91.23,171.42
1360,183.98,53,575,-255.0,187.0,-221.70,147.68
1361,184.10,59,524,-204.0,181.0,-79.29,134.93
1362,184.24,88,506,-186.0,152.0,-122.84,79.78
1363,184.34,118,496,-176.0,122.0,-121.85,40.76
1366,184.72,264,613,-293.0,-24.0,-296.71,-96.95
1379,186.34,467,18,302.0,-227.0,314.87,-206.60
1380,186.44,406,80,240.0,-166.0,67.84,-10.64
1381,186.58,384,158,162.0,-144.0,16.79,-83.38
1382,186.81,441,167,153.0,-201.0,114.42,-211.32
1383,187.10,445,172,148.0,-205.0,115.02,-166.71
1384,187.24,471,188,132.0,-231.0,82.62,-222.15
1409,191.04,23,146,174.0,217.0,141.41,197.17
1411,191.29,3,493,-173.0,237.0,-415.92,205.60
1451,196.44,465,438,-118.0,-225.0,-92.26,-197.94
1452,196.58,461,440,-120.0,-221.0,-99.00,-170.80
1453,196.69,466,461,-141.0,-226.0,-150.04,-189.67
1454,196.83,451,456,-136.0,-211.0,-101.83,-147.89
1455,196.96,438,458,-138.0,-198.0,-113.42,-138.79
1456,197.11,422,445,-125.0,-182.0,-82.55,-124.12
1457,197.25,407,438,-118.0,-167.0,-84.52,-112.43
1458,197.38,399,448,-128.0,-159.0,-118.77,-114.11
1459,197.49,394,466,-146.0,-154.0,-148.66,-114.35
1460,197.63,345,455,-135.0,-105.0,-92.83,-16.42
1461,197.75,329,443,-123.0,-89.0,-77.27,-43.03
1462,197.87,331,440,-120.0,-91.0,-91.04,-76.11
1463,198.00,331,446,-126.0,-91.0,-109.79,-72.80
1464,198.22,336,449,-129.0,-96.0,-105.92,-81.34
1465,198.37,254,431,-111.0,-14.0,-64.48,99.61
1466,198.53,275,418,-98.0,-35.0,-61.62,-55.11
1467,198.68,283,417,-97.0,-43.0,-76.31,-44.69
1468,198.80,295,418,-98.0,-55.0,-80.16,-65.08
1469,198.99,306,420,-100.0,-66.0,-82.11,-64.40
1470,199.11,292,436,-116.0,-52.0,-119.38,-18.34
1471,199.23,339,435,-115.0,-99.0,-90.35,-156.74
1472,199.37,329,426,-106.0,-89.0,-71.91,-56.87
1473,199.54,267,424,-104.0,-27.0,-80.90,49.76
1474,199.72,249,413,-93.0,-9.0,-61.91,13.24
1475,199.89,204,404,-84.0,36.0,-56.56,82.00
1476,200.04,244,384,-64.0,-4.0,-25.22,-55.16
1477,200.22,246,379,-59.0,-6.0,-41.64,-7.02
1478,200.38,265,369,-49.0,-25.0,-26.85,-43.46
1479,200.54,367,368,-48.0,-127.0,-37.15,-228.90
1480,200.70,380,363,-43.0,-140.0,-28.19,-128.15
1481,200.83,398,358,-38.0,-158.0,-22.77,-153.85
1482,200.99,388,362,-42.0,-148.0,-38.65,-105.78
1483,201.12,254,356,-36.0,-14.0,-19.44,197.95
1484,201.26,234,369,-49.0,6.0,-57.55,33.02
1485,201.46,234,206,114.0,6.0,255.63,4.80
1486,201.62,51,243,77.0,189.0,15.92,377.15
1487,201.77,19,265,55.0,221.0,15.17,218.74
1488,201.92,32,412,-92.0,208.0,-280.72,148.08
1489,202.08,102,265,55.0,138.0,222.73,25.29
1490,202.25,194,258,62.0,46.0,57.80,-70.96
1491,202.41,196,413,-93.0,44.0,-269.61,32.68
1492,202.52,413,396,-76.0,-173.0,-30.45,-525.81
1493,202.64,445,389,-69.0,-205.0,-43.18,-218.93
1494,202.78,460,384,-64.0,-220.0,-43.85,-198.05
1495,202.88,392,198,122.0,-152.0,463.93,12.33
1496,203.02,407,184,136.0,-167.0,128.75,-154.98
1497,203.12,390,314,6.0,-150.0,-239.29,-88.08
1498,203.27,403,155,165.0,-163.0,354.89,-148.62
1499,203.40,379,159,161.0,-139.0,122.94,-76.02
1500,203.51,313,183,137.0,-73.0,65.99,61.54
1501,203.65,291,192,128.0,-51.0,89.39,-9.00
1502,203.76,178,350,-30.0,62.0,-324.56,264.56
1503,203.89,245,351,-31.0,-5.0,-26.25,-100.88
1504,204.02,248,351,-31.0,-8.0,-24.80,-11.27
1505,204.13,242,359,-39.0,-2.0,-46.13,9.60
1506,204.24,232,362,-42.0,8.0,-38.66,23.27
1507,204.38,249,358,-38.0,-9.0,-24.32,-33.04
1508,204.49,270,347,-27.0,-30.0,-2.82,-59.85
1509,204.63,272,345,-25.0,-32.0,-17.08,-28.52
1510,204.77,285,363,-43.0,-45.0,-60.13,-54.59
1511,204.89,308,374,-54.0,-68.0,-61.90,-93.50
1512,205.02,324,216,104.0,-84.0,326.44,-91.83
1513,205.13,344,214,106.0,-104.0,88.32,-118.40
1514,205.26,344,214,106.0,-104.0,84.80,-83.20
1515,205.41,338,215,105.0,-98.0,82.61,-70.05
1516,205.52,272,224,96.0,-32.0,59.95,97.94
1517,205.66,234,226,94.0,6.0,72.38,58.43
1518,205.79,134,240,80.0,106.0,42.96,235.06
1519,205.91,96,240,80.0,144.0,64.00,176.30
1520,206.04,136,489,-169.0,104.0,-532.68,19.35
1521,206.16,128,499,-179.0,112.0,-160.36,103.33
1522,206.29,114,516,-196.0,126.0,-183.24,122.57
1523,206.40,128,529,-209.0,112.0,-189.26,65.84
1524,206.53,137,541,-221.0,103.0,-195.23,68.58
1525,206.65,153,549,-229.0,87.0,-197.03,41.94
1526,206.78,163,553,-233.0,77.0,-192.33,46.78
1527,206.89,170,554,-234.0,70.0,-189.04,43.12
1528,207.03,168,548,-228.0,72.0,-173.79,60.47
1529,207.15,197,550,-230.0,43.0,-187.49,-16.14
1530,207.26,232,560,-240.0,8.0,-210.15,-57.14
1531,207.38,274,573,-253.0,-34.0,-222.79,-93.09
1532,207.52,285,599,-279.0,-45.0,-262.69,-52.71
1533,207.62,218,589,-269.0,22.0,-196.72,141.39
1534,207.77,313,387,-67.0,-73.0,215.20,-184.82
1535,207.93,328,401,-81.0,-88.0,-83.04,-89.94
1536,208.06,330,409,-89.0,-90.0,-83.14,-74.98
1537,208.21,329,413,-93.0,-89.0,-79.94,-69.81
1538,208.32,325,417,-97.0,-85.0,-84.42,-61.18
1539,208.45,317,421,-101.0,-77.0,-86.98,-49.24
1540,208.56,316,423,-103.0,-76.0,-86.00,-59.00
1541,208.70,310,423,-103.0,-70.0,-82.40,-47.17
1542,208.82,288,422,-102.0,-48.0,-79.87,-0.27
1543,208.93,267,418,-98.0,-27.0,-71.16,16.39
1544,209.06,246,408,-88.0,-6.0,-55.76,25.94
1545,209.20,212,396,-76.0,28.0,-43.57,71.23
1546,209.33,165,378,-58.0,75.0,-18.31,133.34
1547,209.44,110,620,-300.0,130.0,-662.73,200.07
1548,209.58,91,596,-276.0,149.0,-184.03,148.31
1549,209.69,89,567,-247.0,151.0,-145.82,124.37
1550,209.82,83,551,-231.0,157.0,-160.28,134.80
1551,209.93,85,546,-226.0,155.0,-172.12,120.53
1552,210.06,93,546,-226.0,147.0,-180.80,104.96
1553,210.17,104,549,-229.0,136.0,-188.59,89.02
1554,210.30,119,551,-231.0,121.0,-187.96,73.08
1555,210.43,132,549,-229.0,108.0,-180.09,66.16
1556,210.55,157,537,-217.0,83.0,-155.04,27.74
1557,210.66,206,544,-224.0,34.0,-192.22,-63.97
1558,210.80,258,549,-229.0,-18.0,-190.72,-92.66
1559,210.92,299,551,-231.0,-59.0,-188.00,-112.85
1560,211.03,318,555,-235.0,-78.0,-195.14,-96.31
1561,211.16,324,556,-236.0,-84.0,-190.37,-76.61
1562,211.31,325,552,-232.0,-85.0,-180.27,-69.33
1563,211.43,329,549,-229.0,-89.0,-177.99,-78.14
1564,211.55,330,547,-227.0,-90.0,-178.40,-73.60
1565,211.66,329,544,-224.0,-89.0,-173.67,-69.36
1566,211.79,322,530,-210.0,-82.0,-145.87,-54.53
1567,211.91,331,537,-217.0,-91.0,-184.48,-86.79
1568,212.04,346,531,-211.0,-106.0,-159.32,-108.51
1569,212.16,171,526,-206.0,69.0,-156.17,357.17
1570,212.29,138,523,-203.0,102.0,-157.86,131.56
1571,212.40,118,516,-196.0,122.0,-144.53,132.65
1572,212.52,115,295,25.0,125.0,381.01,104.90
1573,212.65,102,280,40.0,138.0,56.04,131.24
1574,212.79,93,263,57.0,147.0,70.59,130.83
1575,212.93,82,236,84.0,158.0,105.79,142.12
1576,213.05,84,220,100.0,156.0,106.03,121.55
1577,213.18,88,209,111.0,152.0,105.97,115.36
1578,213.33,99,209,111.0,141.0,88.80,98.84
1579,213.51,109,207,113.0,131.0,92.66,93.52
1580,213.66,90,201,119.0,150.0,103.25,145.48
1581,213.79,86,216,104.0,154.0,59.29,129.58
1582,213.93,92,229,91.0,148.0,54.11,109.78
1583,214.14,134,424,-104.0,106.0,-266.29,45.37
1584,214.27,136,415,-95.0,104.0,-62.04,80.10
1585,214.38,136,416,-96.0,104.0,-78.55,83.20
1586,214.52,140,422,-102.0,100.0,-90.60,74.00
1587,214.62,142,427,-107.0,98.0,-94.96,74.66
1588,214.75,149,429,-109.0,91.0,-90.37,61.71
1589,214.87,157,423,-103.0,83.0,-72.11,52.68
1590,215.01,172,416,-96.0,68.0,-67.23,33.90
1591,215.16,211,416,-96.0,29.0,-76.80,-30.03
1592,215.25,238,419,-99.0,2.0,-85.54,-55.49
1593,215.36,257,426,-106.0,-17.0,-97.52,-48.12
1594,215.49,275,447,-127.0,-35.0,-134.42,-56.13
1595,215.61,287,465,-145.0,-47.0,-146.59,-57.99
1596,215.73,297,471,-151.0,-57.0,-130.88,-62.39
1597,215.85,306,476,-156.0,-66.0,-132.87,-67.32
1598,215.99,292,480,-160.0,-52.0,-133.97,-20.71
1599,216.09,249,482,-162.0,-9.0,-133.37,73.89
1600,216.23,159,487,-167.0,81.0,-140.78,194.11
1601,216.36,173,469,-149.0,67.0,-92.04,32.47
1602,216.50,182,466,-146.0,58.0,-112.37,33.12
1603,216.61,181,465,-145.0,59.0,-114.24,48.96
1604,216.73,181,463,-143.0,59.0,-111.03,47.20
1605,216.87,181,463,-143.0,59.0,-114.40,47.20
1606,217.00,140,217,103.0,100.0,459.79,142.90
1607,217.15,264,195,125.0,-24.0,129.33,-184.50
1608,217.29,363,185,135.0,-123.0,122.26,-239.60
1609,217.44,361,223,97.0,-121.0,28.40,-94.21
1610,217.60,403,225,95.0,-163.0,73.40,-184.97
1611,217.74,380,241,79.0,-140.0,39.85,-78.43
1612,217.85,382,250,70.0,-142.0,39.78,-117.21
1613,218.00,377,249,71.0,-137.0,58.13,-102.94
1614,218.12,363,237,83.0,-123.0,85.08,-76.61
1615,218.24,353,221,99.0,-113.0,106.32,-73.45
1616,218.38,320,504,-184.0,-80.0,-569.85,-14.72
1617,218.49,281,496,-176.0,-41.0,-126.15,38.60
1618,218.64,240,483,-163.0,0.0,-113.60,52.97
1619,218.79,197,455,-135.0,43.0,-70.76,91.59
1620,218.94,196,153,167.0,44.0,551.49,36.58
1621,219.04,165,131,189.0,75.0,194.39,120.85
1622,219.18,136,118,202.0,104.0,179.86,123.92
1623,219.30,115,109,211.0,125.0,184.36,136.32
1624,219.43,100,106,214.0,140.0,175.83,135.15
1625,219.54,91,106,214.0,149.0,171.20,134.59
1626,219.67,91,110,210.0,149.0,161.93,119.20
1627,219.78,97,115,205.0,143.0,154.45,102.94
1628,219.91,110,117,203.0,130.0,159.41,84.58
1629,220.05,125,119,201.0,115.0,157.80,69.50
1630,220.14,138,117,203.0,102.0,166.65,54.00
1631,220.28,149,114,206.0,91.0,169.00,57.40
1632,220.43,159,109,211.0,81.0,175.73,50.94
1633,220.54,175,107,213.0,65.0,173.95,23.62
1634,220.67,217,121,199.0,23.0,137.75,-45.96
1635,220.79,257,127,193.0,-17.0,143.97,-83.16
1636,220.91,308,131,189.0,-68.0,145.02,-133.16
1637,221.03,244,99,221.0,-4.0,230.97,105.14
1638,221.18,206,400,-80.0,34.0,-469.16,78.35
1639,221.33,205,332,-12.0,35.0,84.21,29.38
1640,221.47,269,326,-6.0,-29.0,3.30,-109.59
1641,221.59,273,306,14.0,-33.0,47.05,-33.57
1642,221.70,272,283,37.0,-32.0,69.04,-23.89
1643,221.84,277,262,58.0,-37.0,76.98,-36.88
1644,221.94,287,247,73.0,-47.0,87.15,-56.77
1645,222.09,295,235,85.0,-55.0,84.33,-54.89
1646,222.20,298,221,99.0,-58.0,105.83,-52.11
1647,222.31,299,212,108.0,-59.0,102.02,-48.94
1648,222.47,292,204,116.0,-52.0,102.87,-32.79
1649,222.61,280,196,124.0,-40.0,110.75,-14.68
1650,222.74,265,192,128.0,-25.0,108.75,3.82
1651,222.89,236,184,136.0,4.0,119.35,41.43
1652,222.99,205,174,146.0,35.0,135.37,85.56
1653,223.12,228,183,137.0,12.0,95.18,-27.25
1654,223.24,247,158,162.0,-7.0,171.09,-37.13
1655,223.36,230,137,183.0,10.0,181.83,36.68
1656,223.50,203,123,197.0,37.0,177.73,68.42
1657,223.62,183,110,210.0,57.0,188.54,77.20
1658,223.73,171,101,219.0,69.0,191.72,77.22
1659,223.85,157,92,228.0,83.0,197.21,89.43
1660,223.98,136,80,240.0,104.0,210.56,115.69
1661,224.11,114,65,255.0,126.0,228.63,136.93
1662,224.24,97,49,271.0,143.0,240.73,139.83
1663,224.36,83,35,285.0,157.0,250.86,148.46
1664,224.48,71,23,297.0,169.0,258.16,155.76
1665,224.60,54,12,308.0,186.0,264.27,176.42
1666,224.73,31,2,318.0,209.0,270.58,204.42
2100,281.44,80,7,313.0,160.0,250.38,127.83
2101,281.59,136,112,208.0,104.0,27.87,9.32
2102,281.75,196,135,185.0,44.0,119.36,-39.51
2103,281.92,250,131,189.0,-10.0,155.91,-71.52
2104,282.11,284,136,184.0,-44.0,142.02,-70.40
2105,282.30,334,169,151.0,-94.0,85.14,-129.24
2106,282.47,388,180,140.0,-148.0,98.75,-183.44
2107,282.66,440,151,169.0,-200.0,165.57,-214.45
2108,282.85,453,157,163.0,-213.0,124.11,-184.03
2109,283.04,470,151,169.0,-230.0,141.47,-201.75
2119,284.99,1,28,292.0,239.0,246.21,239.27
2122,285.52,1,69,251.0,239.0,185.22,191.20
2123,285.69,233,26,294.0,7.0,283.49,-254.94
2124,285.90,9,150,170.0,231.0,18.15,397.68
2127,286.44,15,35,285.0,225.0,270.65,177.77
2128,286.65,260,7,313.0,-20.0,277.66,-254.53
2129,286.85,40,231,89.0,200.0,-155.86,383.01
2131,287.23,25,283,37.0,215.0,2.16,179.91
2132,287.39,75,241,79.0,165.0,112.95,72.77
2133,287.61,55,197,123.0,185.0,139.54,166.70
2134,287.81,36,244,76.0,204.0,14.71,181.83
2135,288.00,6,107,213.0,234.0,316.56,219.21
2136,288.19,44,53,267.0,196.0,270.32,116.89
2137,288.39,13,32,288.0,227.0,251.23,212.34
2138,288.59,31,75,245.0,209.0,152.36,148.93
2139,288.78,75,78,242.0,165.0,190.53,87.04
2141,289.16,8,598,-278.0,232.0,-496.18,220.88
2142,289.34,15,15,305.0,225.0,893.63,172.20
2144,289.72,36,130,190.0,204.0,90.97,152.05
2145,289.96,39,1,319.0,201.0,361.46,158.33
2153,292.15,467,213,107.0,-227.0,66.23,-220.71
2154,292.40,431,233,87.0,-191.0,53.56,-123.93
2155,292.61,399,73,247.0,-159.0,350.64,-96.59
2156,292.79,312,102,218.0,-72.0,142.64,37.68
2157,292.99,273,148,172.0,-33.0,90.95,13.15
2158,293.19,199,152,168.0,41.0,130.30,108.71
2159,293.37,157,312,8.0,83.0,-163.32,110.95
2160,293.54,190,316,4.0,50.0,-1.60,0.40
2161,293.73,302,134,186.0,-62.0,337.38,-165.65
2162,293.94,415,93,227.0,-175.0,222.39,-252.41
2163,294.13,421,83,237.0,-181.0,200.06,-151.08
2164,294.30,361,127,193.0,-121.0,103.88,-27.90
2165,294.49,311,157,163.0,-71.0,97.91,-2.65
2166,294.68,287,161,159.0,-47.0,123.12,-13.13
2167,294.86,229,337,-17.0,11.0,-208.60,73.06
2168,295.05,232,371,-51.0,8.0,-77.16,3.19
2169,295.22,329,379,-59.0,-89.0,-56.62,-185.39
2170,295.42,323,369,-49.0,-83.0,-29.11,-60.35
2171,295.60,314,359,-39.0,-74.0,-20.25,-49.35
2172,295.80,393,169,151.0,-153.0,310.58,-201.31
2173,295.96,360,374,-54.0,-120.0,-293.65,-55.68
2174,296.16,381,175,145.0,-141.0,314.36,-133.73
2175,296.33,329,177,143.0,-89.0,111.98,-8.36
2176,296.55,330,168,152.0,-90.0,129.73,-72.90
2177,296.74,336,165,155.0,-96.0,127.17,-83.14
2178,296.92,350,134,186.0,-110.0,182.28,-103.12
2179,297.20,281,116,204.0,-41.0,176.24,17.19
2180,297.39,221,84,236.0,19.0,222.27,77.96
2181,297.60,202,59,261.0,38.0,233.29,49.01
2182,297.79,161,36,284.0,79.0,251.28,106.13
2183,297.99,175,273,47.0,65.0,-199.42,38.00
2184,298.16,157,281,39.0,83.0,22.01,87.07
2185,298.34,152,26,294.0,88.0,517.01,75.93
2186,298.54,239,38,282.0,1.0,213.64,-85.90
2187,298.71,267,285,35.0,-27.0,-278.12,-56.30
2188,298.91,266,280,40.0,-26.0,36.86,-19.83
2189,299.12,298,289,31.0,-58.0,16.26,-76.75
2190,299.33,312,269,51.0,-72.0,59.73,-70.85
2191,299.52,275,284,36.0,-35.0,13.06,10.83
2192,299.71,303,62,258.0,-63.0,447.84,-80.85
2193,299.91,339,102,218.0,-99.0,133.90,-115.65
2194,300.10,356,106,214.0,-116.0,167.13,-110.08
2195,300.30,311,105,215.0,-71.0,173.01,-11.32
2196,300.49,397,95,225.0,-157.0,190.76,-218.12
2197,300.69,449,167,153.0,-209.0,52.03,-218.02
2198,300.89,465,305,15.0,-225.0,-124.99,-195.88
2199,301.09,466,276,44.0,-226.0,65.06,-181.83
2200,301.26,434,245,75.0,-194.0,95.36,-118.70
2201,301.44,404,193,127.0,-164.0,160.24,-97.37
2202,301.56,411,179,141.0,-171.0,136.03,-148.42
2203,301.71,450,121,199.0,-210.0,237.72,-220.80
2209,302.50,475,80,240.0,-235.0,202.39,-194.34
2230,305.55,445,26,294.0,-205.0,238.74,-162.03
2236,306.77,338,44,276.0,-98.0,217.85,-60.86
